82,1,51,-4.464678536454724,1.3017583064092848
83,3,38,23,12,-4.513147845840636,-3.7884546910090497,1.6371560261229334,1.3017583064092848,1.3017583064092848,1.3017583064092848
84,2,9,0,-1.5938827100414328,-7.466354985261821,1.3017583064092848,1.3017583064092848
85,1,84,-7.473145522644273,1.3017583064092848
86,1,84,-4.639952636450943,1.3017583064092848
87,2,86,84,-2.499852823449862,0.9146274304662915,1.3017583064092848,1.3017583064092848
88,2,87,62,7.2148466903351745,-2.985433349363964,1.3017583064092848,1.3017583064092848
89,1,88,-5.021553774421279,1.3017583064092848
90,2,84,10,-3.1971494299528365,4.828843154995497,1.3017583064092848,1.3017583064092848
91,3,14,90,84,7.23094574099927,5.542403471781096,3.742718262237255,1.3017583064092848,1.3017583064092848,1.3017583064092848
92,2,90,51,-3.126486463736605,-1.057087483080475,1.3017583064092848,1.3017583064092848
93,2,92,82,5.835468138499587,-5.6349839916209445,1.3017583064092848,1.3017583064092848
94,1,92,6.339480804677974,1.3017583064092848
95,4,90,84,10,51,-2.121549005954426,6.983069146939903,4.382002264750464,-5.038200302677146,1.3017583064092848,1.3017583064092848,1.3017583064092848,1.3017583064092848
96,2,95,90,2.834663000272605,-1.0040996742048613,1.3017583064092848,1.3017583064092848
97,2,95,90,1.7833087542325285,5.1931528293425995,1.3017583064092848,1.3017583064092848
98,5,87,95,90,71,91,-2.839326765416865,5.6051454319997465,-3.8038614708910754,6.163149730140648,4.745652484938464,1.3017583064092848,1.3017583064092848,1.3017583064092848,1.3017583064092848,1.3017583064092848
99,1,84,6.711558496563575,1.3017583064092848
100,2,99,91,0.853873496556371,4.028730351544906,1.3017583064092848,1.3017583064092848
101,5,99,95,90,84,32,-7.363739599357602,-4.254849853225452,5.123121497548887,2.708936456424955,8.446252971963279,1.3017583064092848,1.3017583064092848,1.3017583064092848,1.3017583064092848,1.3017583064092848
102,3,95,101,91,-4.35825610003946,6.456601754044577,4.009302087047853,1.3017583064092848,1.3017583064092848,1.3017583064092848
103,3,15,101,7,4.15288821801421,5.001086279824421,2.957687747404619,1.3017583064092848,1.3017583064092848,1.3017583064092848
104,1,22,-3.8274372033300024,1.3017583064092848
105,1,104,-1.352755032155981,1.3017583064092848
106,8,11,93,100,99,1,103,101,51,6.204332933496065,-5.240415750495891,-0.8150446366927171,-2.925953938459983,-2.040134233342128,-6.033376435701152,6.600901757315606,-2.3764049246499197,1.3017583064092848,1.3017583064092848,1.3017583064092848,1.3017583064092848,1.3017583064092848,1.3017583064092848,1.3017583064092848,1.3017583064092848
107,1,106,2.7153758190531243,1.3017583064092848
108,1,106,7.168514766880131,1.3017583064092848
109,1,108,4.552300850597121,1.3017583064092848
110,3,108,99,91,-7.471134550704137,-5.035274472718222,-2.513509964455313,1.3017583064092848,1.3017583064092848,1.3017583064092848
111,7,52,98,95,76,109,90,84,-5.144809207493926,-2.978031678327267,7.6360008288251535,3.540600652993151,5.570720377006938,-0.8661250921583102,3.543338091529883,1.3017583064092848,1.3017583064092848,1.3017583064092848,1.3017583064092848,1.3017583064092848,1.3017583064092848,1.3017583064092848
112,6,107,98,95,23,90,84,-6.768229710150217,-2.990283460281123,-4.5698444482153775,-4.181057215982277,-5.19258224691451,3.0747956011442437,1.3017583064092848,1.3017583064092848,1.3017583064092848,1.3017583064092848,1.3017583064092848,1.3017583064092848
113,1,92,-7.264763500619187,1.3017583064092848
114,3,28,111,14,8.50358135367523,5.572390258921185,5.702346141814822,1.3017583064092848,1.3017583064092848,1.3017583064092848
115,1,114,4.115577780524176,1.3017583064092848
116,1,114,-2.407790477679127,1.3017583064092848
117,1,114,5.282217444507268,1.3017583064092848
118,1,91,2.532702596862239,1.3017583064092848
119,1,118,-3.613821340734561,1.3017583064092848
120,3,29,119,118,2.6227968892790785,-6.319711193454396,-6.627246421151625,1.3017583064092848,1.3017583064092848,1.3017583064092848
121,3,118,90,92,-3.089137449385757,-6.367013919356939,6.663008567688197,1.3017583064092848,1.3017583064092848,1.3017583064092848
122,2,121,101,6.202367793148556,-1.5231242081900858,1.3017583064092848,1.3017583064092848
123,1,121,3.472301303767064,1.3017583064092848
124,1,121,2.069364805152468,1.3017583064092848
125,3,106,118,101,1.6405350858134096,-3.386187339183985,5.576636526873568,1.3017583064092848,1.3017583064092848,1.3017583064092848
126,3,125,76,91,6.707710380682139,8.391879666830258,1.0945073133275705,1.3017583064092848,1.3017583064092848,1.3017583064092848
127,2,84,120,-1.6815071250611822,-6.3188961800677115,1.3017583064092848,1.3017583064092848
128,1,99,-6.9875075921322924,1.3017583064092848
129,1,128,1.4957053826824418,1.3017583064092848
130,2,49,91,6.872087708098816,1.6977418283748689,1.3017583064092848,1.3017583064092848
131,3,128,90,84,3.973270581002419,6.219350986598326,4.9802281167835085,1.3017583064092848,1.3017583064092848,1.3017583064092848
132,2,111,131,4.370286389413677,1.3774460382121818,1.3017583064092848,1.3017583064092848
134,5,42,90,92,133,91,8.47957963244959,2.7504733309170826,-3.692881029241785,3.45258735462955,-0.9900377678536526,1.3017583064092848,1.3017583064092848,1.3017583064092848,1.3017583064092848,1.3017583064092848
135,1,134,6.612894969502992,1.3017583064092848
136,3,92,10,133,6.258371978223639,3.506035647608968,3.4179529851854524,1.3017583064092848,1.3017583064092848,1.3017583064092848
137,1,136,-7.045636257991325,1.3017583064092848
138,7,108,130,89,136,90,92,60,-6.946441642825328,-1.3838126999710636,-1.791825703219782,-4.493766790750706,1.180789401413579,1.0762725351952893,-0.7047903432909847,1.3017583064092848,1.3017583064092848,1.3017583064092848,1.3017583064092848,1.3017583064092848,1.3017583064092848,1.3017583064092848
139,4,102,112,138,113,-0.9486136947771631,5.335063580430929,-6.5490059972739365,-1.8946655381238304,1.3017583064092848,1.3017583064092848,1.3017583064092848,1.3017583064092848
140,1,138,-6.816658169268975,1.3017583064092848
141,2,139,54,-4.530012151737427,-6.521103546338916,1.3017583064092848,1.3017583064092848
142,21,55,11,28,111,112,125,107,108,98,80,106,95,118,129,109,90,131,21,121,92,91,4.153949985128797,5.893312782048521,2.509108663439483,5.995691325807927,4.247384883725225,5.981157281247571,-3.969100735564353,-3.287284636839768,-2.2395341471041017,2.1633747654228532,-5.989786588549728,1.5330341565282748,-1.3010447994173422,1.9373036560763353,-1.9306468294947408,6.494352285732189,3.502888513955162,7.672904755147316,1.6619705194045418,-5.299687358608704,-3.856726440431372,1.3017583064092848,1.3017583064092848,1.3017583064092848,1.3017583064092848,1.3017583064092848,1.3017583064092848,1.3017583064092848,1.3017583064092848,1.3017583064092848,1.3017583064092848,1.3017583064092848,1.3017583064092848,1.3017583064092848,1.3017583064092848,1.3017583064092848,1.3017583064092848,1.3017583064092848,1.3017583064092848,1.3017583064092848,1.3017583064092848,1.3017583064092848
143,2,92,142,4.9748718693997604,-4.155252420539797,1.3017583064092848,1.3017583064092848
144,2,111,142,-2.8221185580220207,-3.402909618491044,1.3017583064092848,1.3017583064092848
145,3,45,84,142,7.227262318091285,4.311328612624692,3.1624369224600515,1.3017583064092848,1.3017583064092848,1.3017583064092848
146,1,142,2.9372409338178396,1.3017583064092848
147,16,36,75,98,47,104,86,61,87,18,143,84,0,82,19,142,138,5.54627121549888,5.4269672092746895,-1.1532642385370555,-0.6982149430567052,-2.1765756907023026,-6.951870678987618,-5.214451251228255,-1.8943786011835104,6.9221400789250715,-3.980196797031359,-4.023144404230003,-7.239063021608217,-1.1071199462263723,2.1968821719112497,-4.790845835336999,-2.0590497896596283,1.3017583064092848,1.3017583064092848,1.3017583064092848,1.3017583064092848,1.3017583064092848,1.3017583064092848,1.3017583064092848,1.3017583064092848,1.3017583064092848,1.3017583064092848,1.3017583064092848,1.3017583064092848,1.3017583064092848,1.3017583064092848,1.3017583064092848,1.3017583064092848
148,1,147,5.038290929386418,1.3017583064092848
149,1,147,2.160298563110001,1.3017583064092848
150,2,128,147,7.305913578286025,-1.4103538314506265,1.3017583064092848,1.3017583064092848
151,2,147,87,-1.5204406342932382,-5.102829473111781,1.3017583064092848,1.3017583064092848
152,3,150,146,92,6.756847901092271,-6.059820530702494,6.525430032098315,1.3017583064092848,1.3017583064092848,1.3017583064092848
153,4,127,149,138,113,-7.78198975266546,-1.0149465751435045,3.551888475350713,3.0025102555234846,1.3017583064092848,1.3017583064092848,1.3017583064092848,1.3017583064092848
154,1,153,-7.440748855111675,1.3017583064092848
155,2,130,92,5.295296275966099,5.93279428428859,1.3017583064092848,1.3017583064092848
156,3,117,125,107,7.2817459361459225,4.037396704586848,4.786739687314261,1.3017583064092848,1.3017583064092848,1.3017583064092848
157,3,112,156,129,-8.241801838824852,-3.090021674236091,-3.1982566393895384,1.3017583064092848,1.3017583064092848,1.3017583064092848
158,3,157,125,91,2.385900550134485,-1.3808497761823872,-6.59650499333169,1.3017583064092848,1.3017583064092848,1.3017583064092848
159,9,111,112,125,106,83,138,113,101,148,3.7077338601697702,-5.117740943474433,7.171037618329094,7.213067359878593,-4.098110020412301,-2.992650172878061,-3.844290344878085,-4.661690442697409,-3.919615210909166,1.3017583064092848,1.3017583064092848,1.3017583064092848,1.3017583064092848,1.3017583064092848,1.3017583064092848,1.3017583064092848,1.3017583064092848,1.3017583064092848
160,1,100,-3.157346516339973,1.3017583064092848
161,21,37,102,111,141,157,147,108,106,86,38,87,17,118,114,116,139,84,142,155,133,91,4.023216799680338,-1.363088959896091,1.866675993278888,5.794322262980837,-3.4392406272383425,-2.2084720918953065,-4.6630850134268815,6.022949083930088,-2.510833517692751,6.525319683191133,-7.235439018659677,4.907903095874202,5.4124086046632955,-1.0665064385065524,-7.362459074821742,-3.46312883645634,7.210024764049661,-4.778048816301388,0.7283707438780792,-0.9675558296688332,-5.493289157310045,1.3017583064092848,1.3017583064092848,1.3017583064092848,1.3017583064092848,1.3017583064092848,1.3017583064092848,1.3017583064092848,1.3017583064092848,1.3017583064092848,1.3017583064092848,1.3017583064092848,1.3017583064092848,1.3017583064092848,1.3017583064092848,1.3017583064092848,1.3017583064092848,1.3017583064092848,1.3017583064092848,1.3017583064092848,1.3017583064092848,1.3017583064092848
162,1,161,6.206431577930269,1.3017583064092848
163,3,162,121,142,4.81199262317265,4.294709363867107,7.194899058884051,1.3017583064092848,1.3017583064092848,1.3017583064092848
164,4,95,163,34,90,-6.478386384818601,-1.9434886061557874,5.6239496861344165,-6.631162182577889,1.3017583064092848,1.3017583064092848,1.3017583064092848,1.3017583064092848
165,2,163,142,6.902351685517333,3.6840223343543337,1.3017583064092848,1.3017583064092848
166,1,84,4.71082795575268,1.3017583064092848
167,4,166,40,108,98,-4.793389700484019,4.25128191699358,-3.1824987511048946,3.5059638245646214,1.3017583064092848,1.3017583064092848,1.3017583064092848,1.3017583064092848
168,5,112,110,104,167,155,6.231839271751963,-2.5494453339071055,2.678550693120468,7.741775719955636,0.8162810321785828,1.3017583064092848,1.3017583064092848,1.3017583064092848,1.3017583064092848,1.3017583064092848
169,5,147,104,131,21,142,-3.9952851245987473,5.604104729602765,-1.8619198820818024,-5.449255027384463,-3.3776085036324406,1.3017583064092848,1.3017583064092848,1.3017583064092848,1.3017583064092848,1.3017583064092848
170,3,169,103,142,-1.1550137821368092,-3.9012453581050996,-4.322574337408543,1.3017583064092848,1.3017583064092848,1.3017583064092848
171,3,170,103,10,-3.0762337523492844,1.6236296807120933,7.266411102771286,1.3017583064092848,1.3017583064092848,1.3017583064092848
172,3,127,84,22,7.103458840733201,1.1876810534413194,5.93827644774798,1.3017583064092848,1.3017583064092848,1.3017583064092848
173,4,172,84,133,101,4.941115779888473,3.5576644226081724,4.269865353700489,-0.9073214593368351,1.3017583064092848,1.3017583064092848,1.3017583064092848,1.3017583064092848
174,4,173,84,32,101,5.218153453214938,2.5974579599525587,7.767695224240259,1.1151240065854013,1.3017583064092848,1.3017583064092848,1.3017583064092848,1.3017583064092848
175,1,174,1.5359138200340856,1.3017583064092848
176,2,95,90,1.1261264284423256,6.631278473996284,1.3017583064092848,1.3017583064092848
177,12,58,81,111,141,112,160,176,114,131,85,48,144,8.386926535907845,4.606558726766592,3.4294594153368463,-3.7598950890425655,1.118920968841652,-7.3817279433996985,-2.8307323301574883,1.9919616617770093,-2.660566496962972,7.351444640261983,1.334465491763382,-6.680168089770911,1.3017583064092848,1.3017583064092848,1.3017583064092848,1.3017583064092848,1.3017583064092848,1.3017583064092848,1.3017583064092848,1.3017583064092848,1.3017583064092848,1.3017583064092848,1.3017583064092848,1.3017583064092848
178,2,95,90,1.602915388459031,6.354778063052562,1.3017583064092848,1.3017583064092848
179,6,95,90,84,121,178,10,7.597336429289551,8.152375930713136,-5.11841324054148,-4.429389159010231,-3.5358945701154822,-3.089599579982874,1.3017583064092848,1.3017583064092848,1.3017583064092848,1.3017583064092848,1.3017583064092848,1.3017583064092848
180,1,106,6.241683642198153,1.3017583064092848
181,7,161,53,111,180,84,138,113,3.6871556296837094,8.329606665010727,4.811718037802719,0.9060273722129527,1.7341272893005601,2.0610185922930206,7.272145108510002,1.3017583064092848,1.3017583064092848,1.3017583064092848,1.3017583064092848,1.3017583064092848,1.3017583064092848,1.3017583064092848
182,7,98,130,99,177,172,168,155,-2.380325644644352,-1.050060814512575,1.7923678504021217,1.1510215712884284,-2.087363450930405,4.740503660939199,-7.183589688812085,1.3017583064092848,1.3017583064092848,1.3017583064092848,1.3017583064092848,1.3017583064092848,1.3017583064092848,1.3017583064092848
183,2,159,84,5.616917910224116,6.31362082393965,1.3017583064092848,1.3017583064092848
184,8,111,130,97,146,84,183,101,140,3.147035258111657,1.5945190119477708,-2.287514305870049,3.7808373508072064,7.35961084467812,3.361324207540763,-6.126967237033531,4.504094929653891,1.3017583064092848,1.3017583064092848,1.3017583064092848,1.3017583064092848,1.3017583064092848,1.3017583064092848,1.3017583064092848,1.3017583064092848
185,1,184,-5.4813861837077225,1.3017583064092848
186,3,111,184,84,3.7898518753165136,2.3255156807993584,-5.829885541498983,1.3017583064092848,1.3017583064092848,1.3017583064092848
187,2,99,14,-7.056523910596544,2.335207244416449,1.3017583064092848,1.3017583064092848
188,4,119,103,187,92,4.0299247601319355,4.9948999425843565,-4.101187715651479,3.617829674860772,1.3017583064092848,1.3017583064092848,1.3017583064092848,1.3017583064092848
189,10,161,112,165,95,90,131,92,133,91,188,-3.6281873818900334,1.1538133774122665,-4.821597887218832,2.2771730246071673,5.132880120616062,1.042327269560786,7.529439842817258,4.731363338100583,6.939451760024854,4.003205997780116,1.3017583064092848,1.3017583064092848,1.3017583064092848,1.3017583064092848,1.3017583064092848,1.3017583064092848,1.3017583064092848,1.3017583064092848,1.3017583064092848,1.3017583064092848
190,1,189,5.1845040333449495,1.3017583064092848
191,5,147,149,103,187,84,-3.040516973921846,5.1852619469876755,6.275141116020594,7.2155777871517115,-3.1988149352092745,1.3017583064092848,1.3017583064092848,1.3017583064092848,1.3017583064092848,1.3017583064092848
192,2,191,189,4.215355760677542,-1.9838395155835178,1.3017583064092848,1.3017583064092848
193,17,191,192,161,127,119,147,93,98,114,23,123,84,120,92,138,113,6,-2.111940888400683,-5.15437772050265,-6.010076907486207,-7.057407457940207,-2.637693396082964,1.4877444888701028,7.4933303395137445,-1.7982024530476926,-2.1054283340205964,-2.770852569537133,-4.462161328736431,-6.973131699865918,6.10439771826328,5.73220428396785,1.94567379303499,3.2422581614299273,-4.099928682499947,1.3017583064092848,1.3017583064092848,1.3017583064092848,1.3017583064092848,1.3017583064092848,1.3017583064092848,1.3017583064092848,1.3017583064092848,1.3017583064092848,1.3017583064092848,1.3017583064092848,1.3017583064092848,1.3017583064092848,1.3017583064092848,1.3017583064092848,1.3017583064092848,1.3017583064092848
194,6,147,193,106,78,90,84,-5.758080212819589,-6.214299144964695,-3.719538978742287,7.4740497682370695,-2.3084542010918003,3.1249431282901092,1.3017583064092848,1.3017583064092848,1.3017583064092848,1.3017583064092848,1.3017583064092848,1.3017583064092848
195,7,193,98,106,87,103,187,91,2.41276959141882,-6.042124622614633,2.930826668827428,-2.639240986871202,-1.6310141786774424,3.8187100002221324,2.853514573937013,1.3017583064092848,1.3017583064092848,1.3017583064092848,1.3017583064092848,1.3017583064092848,1.3017583064092848,1.3017583064092848
196,3,193,106,84,4.238657568167033,5.269281792200189,6.861923037468573,1.3017583064092848,1.3017583064092848,1.3017583064092848
197,6,38,159,95,90,84,179,-7.79728164366711,-5.059827608590911,7.022535627218139,7.156304535653862,-6.3239653336205315,-3.9757881007245883,1.3017583064092848,1.3017583064092848,1.3017583064092848,1.3017583064092848,1.3017583064092848,1.3017583064092848
198,4,125,107,156,197,3.595207570312802,4.737645073477758,4.623940187164513,6.644815206693488,1.3017583064092848,1.3017583064092848,1.3017583064092848,1.3017583064092848
199,2,198,83,-1.6362198543344828,2.137716301763906,1.3017583064092848,1.3017583064092848
200,6,157,198,147,197,14,94,7.747654409939545,7.48681121056742,6.652127965811562,6.768430984094546,-2.8278668658853388,3.4256682088672274,1.3017583064092848,1.3017583064092848,1.3017583064092848,1.3017583064092848,1.3017583064092848,1.3017583064092848
201,26,127,169,111,141,112,147,160,98,189,106,47,104,176,97,95,136,90,172,84,85,92,26,56,101,140,200,7.295846494469248,3.117558184948007,-4.6109242389041025,2.7776124021941166,-1.888040464784542,2.0665569830625317,1.1014554111386785,-7.369601482317262,3.5271050099562866,-6.5596835490209555,6.557818833961097,2.043601264407351,1.9278587466888495,-6.404041858938343,-2.555479569720642,7.11638333927271,1.6788704587856962,5.459759830462436,-6.421521639966145,-2.3483436080313367,2.6363193951743136,7.4766694075010225,-2.5546771576685314,-3.7175192184338015,-3.735511428196995,-2.4733647496769673,1.3017583064092848,1.3017583064092848,1.3017583064092848,1.3017583064092848,1.3017583064092848,1.3017583064092848,1.3017583064092848,1.3017583064092848,1.3017583064092848,1.3017583064092848,1.3017583064092848,1.3017583064092848,1.3017583064092848,1.3017583064092848,1.3017583064092848,1.3017583064092848,1.3017583064092848,1.3017583064092848,1.3017583064092848,1.3017583064092848,1.3017583064092848,1.3017583064092848,1.3017583064092848,1.3017583064092848,1.3017583064092848,1.3017583064092848
202,4,201,127,193,126,4.1721882095282785,3.965634598193137,-6.5887851994320235,-5.082644529617248,1.3017583064092848,1.3017583064092848,1.3017583064092848,1.3017583064092848
203,1,201,7.261015655600056,1.3017583064092848
204,2,201,142,-5.886071176948422,-6.061963410746926,1.3017583064092848,1.3017583064092848
205,8,166,147,99,106,1,203,138,113,-2.125999311616821,-2.0181019881369937,-3.99636781913911,-2.7573558397833033,-6.356709649683215,-7.149176207365767,6.4040266834886665,-2.591119015156361,1.3017583064092848,1.3017583064092848,1.3017583064092848,1.3017583064092848,1.3017583064092848,1.3017583064092848,1.3017583064092848,1.3017583064092848
206,13,127,149,108,98,130,104,87,176,89,136,205,60,101,-2.297409402044278,-6.7162722499779415,-3.5371845825205237,-0.9505920173879048,-1.8516174464685096,5.242653568323506,6.263248831097537,-2.199686509442399,-7.218734137648759,-6.747006774478335,6.728418824414529,-2.318521622444381,1.0601374338634721,1.3017583064092848,1.3017583064092848,1.3017583064092848,1.3017583064092848,1.3017583064092848,1.3017583064092848,1.3017583064092848,1.3017583064092848,1.3017583064092848,1.3017583064092848,1.3017583064092848,1.3017583064092848,1.3017583064092848
207,10,81,98,76,173,50,94,206,105,200,64,7.1381717575617225,1.5782965124537853,-6.115783130743681,-7.212166516116927,5.7509778077670495,-3.7542585752923614,6.7822071696581965,-4.353894713311493,5.864987489156604,6.391612582086104,1.3017583064092848,1.3017583064092848,1.3017583064092848,1.3017583064092848,1.3017583064092848,1.3017583064092848,1.3017583064092848,1.3017583064092848,1.3017583064092848,1.3017583064092848
208,1,207,2.3943789965910867,1.3017583064092848
209,2,61,207,4.655239539490819,-3.9093766808849995,1.3017583064092848,1.3017583064092848
210,7,102,171,63,131,208,84,32,-3.373797054256549,-6.050699299836873,8.265250822140018,-2.36001260633889,5.706558797003977,5.30650656664303,4.248279646582314,1.3017583064092848,1.3017583064092848,1.3017583064092848,1.3017583064092848,1.3017583064092848,1.3017583064092848,1.3017583064092848
211,3,95,210,90,5.45783632271206,8.083927932135065,7.202895134224844,1.3017583064092848,1.3017583064092848,1.3017583064092848
212,7,108,184,177,152,71,121,10,-3.1248922026882147,-5.108892928951679,4.746168212678805,-7.524342502566084,1.3345268656155944,-3.543112603710907,6.7541715096817745,1.3017583064092848,1.3017583064092848,1.3017583064092848,1.3017583064092848,1.3017583064092848,1.3017583064092848,1.3017583064092848
213,4,212,111,157,91,7.786043652426444,2.652227775188708,5.761081489429887,-2.887849919965228,1.3017583064092848,1.3017583064092848,1.3017583064092848,1.3017583064092848
214,5,213,147,106,182,84,-2.166105592379727,5.506950868411753,-4.498809922658647,-4.826882149604878,1.0455068900469926,1.3017583064092848,1.3017583064092848,1.3017583064092848,1.3017583064092848,1.3017583064092848
215,7,212,213,95,90,121,92,178,7.769449372978776,1.0445757935676185,3.3385374231775127,7.038432594965042,-1.008500888177382,5.720588573522373,2.4024675187788715,1.3017583064092848,1.3017583064092848,1.3017583064092848,1.3017583064092848,1.3017583064092848,1.3017583064092848,1.3017583064092848
216,5,213,70,95,94,60,2.3889441947171552,2.73207189239877,-0.8731198928214708,7.333640127601396,5.609843424580013,1.3017583064092848,1.3017583064092848,1.3017583064092848,1.3017583064092848,1.3017583064092848
217,5,214,25,84,48,142,-5.773450811583307,5.162783627176238,3.9382551045587686,-3.75599966876033,-5.063960821302737,1.3017583064092848,1.3017583064092848,1.3017583064092848,1.3017583064092848,1.3017583064092848
218,8,201,58,196,154,217,95,90,26,-6.468192788186435,-3.1845766519561907,-4.811829787152286,-1.703032189942825,-7.609130627575971,7.115698395590365,-7.25071797056994,-3.060954493915993,1.3017583064092848,1.3017583064092848,1.3017583064092848,1.3017583064092848,1.3017583064092848,1.3017583064092848,1.3017583064092848,1.3017583064092848
220,3,219,84,142,-6.5783282101713,4.82341664400947,6.202945412369018,1.3017583064092848,1.3017583064092848,1.3017583064092848
221,66,55,191,201,28,59,161,124,37,24,102,169,209,111,141,27,190,157,147,107,108,193,202,33,16,130,100,132,217,42,204,106,4,104,79,87,185,159,186,95,194,177,152,220,114,116,90,71,167,131,103,187,195,67,84,92,178,41,218,105,168,142,175,101,91,6,51,5.225491236804484,-4.400768317149701,5.752059250374475,-3.8710091228620858,3.7692039878029573,-4.014625160277502,-1.9026134596688697,6.3462530574553355,-2.5476169060400395,1.78789927885292,-2.4458823702660575,6.668780185678603,3.040267699698592,5.5627907599876325,-6.770429226333436,1.2506647217925255,-6.122621828637664,-2.880516746469875,2.2351345766192416,-5.583004930479636,-7.1488764887628236,2.790870534767828,4.731874897277693,-2.7541146719641283,-4.628746144589055,-5.107778950006457,-5.026069419487045,5.119718815025259,1.65709932999239,-5.615889782506536,-5.482691289259068,-5.538251284475523,-1.2246198295526065,3.8670825954522354,3.5991013861375007,-1.3142282811473354,2.2758634653165934,3.825427582974673,5.965832088323374,2.380026675859623,-6.58144502139117,-4.568581761459523,6.089994278115386,4.049385085271869,-4.238217034794418,5.092590292746997,-7.277707403687038,-4.185890375081169,-4.44707521530322,4.9669603726795115,-5.927615391383607,1.208881255257638,-4.355133367844312,4.113436274007523,7.23315016088798,4.197898717713491,4.019361031067849,7.520351066331536,-3.8935776732056784,-1.9817971491180606,2.2372169592725535,1.3743129491579376,-0.7035792189959437,3.761508493680656,-6.152523442176956,-5.898915191400149,1.3017583064092848,1.3017583064092848,1.3017583064092848,1.3017583064092848,1.3017583064092848,1.3017583064092848,1.3017583064092848,1.3017583064092848,1.3017583064092848,1.3017583064092848,1.3017583064092848,1.3017583064092848,1.3017583064092848,1.3017583064092848,1.3017583064092848,1.3017583064092848,1.3017583064092848,1.3017583064092848,1.3017583064092848,1.3017583064092848,1.3017583064092848,1.3017583064092848,1.3017583064092848,1.3017583064092848,1.3017583064092848,1.3017583064092848,1.3017583064092848,1.3017583064092848,1.3017583064092848,1.3017583064092848,1.3017583064092848,1.3017583064092848,1.3017583064092848,1.3017583064092848,1.3017583064092848,1.3017583064092848,1.3017583064092848,1.3017583064092848,1.3017583064092848,1.3017583064092848,1.3017583064092848,1.3017583064092848,1.3017583064092848,1.3017583064092848,1.3017583064092848,1.3017583064092848,1.3017583064092848,1.3017583064092848,1.3017583064092848,1.3017583064092848,1.3017583064092848,1.3017583064092848,1.3017583064092848,1.3017583064092848,1.3017583064092848,1.3017583064092848,1.3017583064092848,1.3017583064092848,1.3017583064092848,1.3017583064092848,1.3017583064092848,1.3017583064092848,1.3017583064092848,1.3017583064092848,1.3017583064092848,1.3017583064092848
222,9,111,112,157,106,14,221,131,142,91,3.5580901258061837,5.950122627849044,3.033345866272348,-3.0131841589539023,-1.5854010627411157,2.4112912068021917,-6.6613558537041015,3.8244818383823747,2.2916874474945055,1.3017583064092848,1.3017583064092848,1.3017583064092848,1.3017583064092848,1.3017583064092848,1.3017583064092848,1.3017583064092848,1.3017583064092848,1.3017583064092848
223,10,156,216,221,184,137,96,207,142,155,22,2.6362467968396035,1.3799926263022806,-1.0836564745197375,4.7997278675836075,0.8493773715739582,-6.683642843693667,-1.7923313002376393,-4.9749461351465705,-3.8330324502232114,3.820077457922588,1.3017583064092848,1.3017583064092848,1.3017583064092848,1.3017583064092848,1.3017583064092848,1.3017583064092848,1.3017583064092848,1.3017583064092848,1.3017583064092848,1.3017583064092848
224,8,127,149,223,87,151,95,158,90,-5.372534371935061,-1.724399007643796,2.090119394622445,5.259845467693328,-5.709314113758669,-4.839988536181536,-7.292330635106398,-4.109508282673061,1.3017583064092848,1.3017583064092848,1.3017583064092848,1.3017583064092848,1.3017583064092848,1.3017583064092848,1.3017583064092848,1.3017583064092848
225,6,166,124,156,160,221,136,-3.256351072337375,-2.295465741953402,1.0276504460960028,3.2033956125338894,-5.755306626004694,0.8320961443973672,1.3017583064092848,1.3017583064092848,1.3017583064092848,1.3017583064092848,1.3017583064092848,1.3017583064092848
226,5,166,225,4,1,167,6.218797176413821,-6.45943539718558,-5.757412917416113,-1.4314302929172928,-4.075897867143033,1.3017583064092848,1.3017583064092848,1.3017583064092848,1.3017583064092848,1.3017583064092848
227,4,197,182,136,207,2.289600474089695,3.9328983609944284,3.641869381935704,-1.9562340049740725,1.3017583064092848,1.3017583064092848,1.3017583064092848,1.3017583064092848
228,12,227,108,106,182,103,224,206,84,92,155,222,101,2.0899573670497515,7.162592844735967,0.8118290315380602,-7.13047762076136,7.318318430957041,-0.7713642801251439,-7.176151682421032,7.4456021909028935,-6.997708526508485,-7.449144895615173,4.52083366686167,-1.2318306001036,1.3017583064092848,1.3017583064092848,1.3017583064092848,1.3017583064092848,1.3017583064092848,1.3017583064092848,1.3017583064092848,1.3017583064092848,1.3017583064092848,1.3017583064092848,1.3017583064092848,1.3017583064092848
229,5,227,108,10,133,91,-6.790214549416028,-1.176640072850294,5.611941318370574,6.419374143822179,-3.868935330389216,1.3017583064092848,1.3017583064092848,1.3017583064092848,1.3017583064092848,1.3017583064092848
230,11,215,135,31,95,194,90,131,103,183,121,228,-2.8536612915467003,7.418171235302408,6.906471440980105,3.2479541946215935,-1.899381291973915,-2.2103207341121514,3.9072614876402074,7.231421030618234,-5.783946286646667,-2.1802086390632116,6.6549421034974925,1.3017583064092848,1.3017583064092848,1.3017583064092848,1.3017583064092848,1.3017583064092848,1.3017583064092848,1.3017583064092848,1.3017583064092848,1.3017583064092848,1.3017583064092848,1.3017583064092848
231,11,229,53,111,157,115,98,130,45,84,92,142,-7.2073558789196435,2.9965549505619937,-5.564339487146377,7.633617346156736,-1.7522429932376007,-1.3150592082631951,-5.432674042545154,3.0817163178583176,1.1944546968430145,4.034653240041526,-5.992020537801091,1.3017583064092848,1.3017583064092848,1.3017583064092848,1.3017583064092848,1.3017583064092848,1.3017583064092848,1.3017583064092848,1.3017583064092848,1.3017583064092848,1.3017583064092848,1.3017583064092848
232,1,231,-7.471508908206701,1.3017583064092848
233,3,108,230,164,-5.21238461484201,1.7841793446062657,-6.841853651083774,1.3017583064092848,1.3017583064092848,1.3017583064092848
234,5,102,182,232,207,92,-1.7858906947218698,5.585683959041583,-1.0376625033041893,-2.7372079095986805,1.6942246844221436,1.3017583064092848,1.3017583064092848,1.3017583064092848,1.3017583064092848,1.3017583064092848
235,2,221,234,4.699919482060278,-2.3966310314760997,1.3017583064092848,1.3017583064092848
236,1,235,-0.9287583395788335,1.3017583064092848
237,2,236,39,-5.066005829354901,-3.356181321661607,1.3017583064092848,1.3017583064092848
238,10,128,112,30,106,182,219,180,221,95,142,-5.305946636403559,1.4668908979310933,0.9511774324413944,2.4546714041167808,3.9279388934361195,3.485962705278752,6.430548195227652,-3.3711144104744286,-4.450694279140025,4.896908491320287,1.3017583064092848,1.3017583064092848,1.3017583064092848,1.3017583064092848,1.3017583064092848,1.3017583064092848,1.3017583064092848,1.3017583064092848,1.3017583064092848,1.3017583064092848
239,8,124,193,225,160,106,96,226,233,-6.262647020111486,-7.396407962142972,-0.8593135776445282,-4.973552638889116,6.127828647946038,2.7245180354327116,6.296286924089587,5.193666041727932,1.3017583064092848,1.3017583064092848,1.3017583064092848,1.3017583064092848,1.3017583064092848,1.3017583064092848,1.3017583064092848,1.3017583064092848
240,4,150,95,90,237,7.288797387823468,0.9520749224408112,3.6699014778097747,-5.211160602178388,1.3017583064092848,1.3017583064092848,1.3017583064092848,1.3017583064092848
241,9,11,102,240,83,239,92,0,82,200,-3.090244768922292,-7.717837872354798,-0.816414069617467,-3.9159437035760947,-6.68773756559561,3.0022587123445725,-4.109829336159253,-7.649622661896502,-4.074863399686718,1.3017583064092848,1.3017583064092848,1.3017583064092848,1.3017583064092848,1.3017583064092848,1.3017583064092848,1.3017583064092848,1.3017583064092848,1.3017583064092848
242,4,29,241,150,146,-0.9763485466628424,-8.10301894834826,2.3660810277063447,-3.912688634482899,1.3017583064092848,1.3017583064092848,1.3017583064092848,1.3017583064092848
243,13,238,128,29,161,150,81,111,193,30,106,114,92,242,4.3879662739683285,-7.228892809128254,-4.223670526929072,7.517191431597323,-2.51215102395603,-4.238652957123359,-6.732992762340744,3.8431056359778157,-2.657262417014751,6.704496908343331,3.433013258870065,-4.422595529247115,-7.555078233370854,1.3017583064092848,1.3017583064092848,1.3017583064092848,1.3017583064092848,1.3017583064092848,1.3017583064092848,1.3017583064092848,1.3017583064092848,1.3017583064092848,1.3017583064092848,1.3017583064092848,1.3017583064092848,1.3017583064092848
244,7,243,225,104,159,221,177,22,-6.323234451922278,-2.476372037175642,3.103686540785513,3.060217520357019,-5.575776375105646,3.8646729880099215,-3.145267531219559,1.3017583064092848,1.3017583064092848,1.3017583064092848,1.3017583064092848,1.3017583064092848,1.3017583064092848,1.3017583064092848
245,4,243,118,114,84,-1.1453928786250032,-4.128876439431439,1.5493094838036134,-2.3463523782173645,1.3017583064092848,1.3017583064092848,1.3017583064092848,1.3017583064092848
246,1,239,6.434033349432486,1.3017583064092848
247,1,221,5.010207109224951,1.3017583064092848
248,10,127,102,202,122,226,84,218,138,113,91,-5.719073118343823,-7.6850261142236125,3.0995400106786355,1.841470567614519,-4.350197291568969,-4.449350456647506,-2.328292348415046,-5.011629234274591,-0.7942735481856485,7.2263888927122775,1.3017583064092848,1.3017583064092848,1.3017583064092848,1.3017583064092848,1.3017583064092848,1.3017583064092848,1.3017583064092848,1.3017583064092848,1.3017583064092848,1.3017583064092848
249,6,181,111,156,221,84,142,2.786021755290237,2.561750619433641,0.9040927443113562,2.599212794735983,2.005079275411177,-3.281717449497894,1.3017583064092848,1.3017583064092848,1.3017583064092848,1.3017583064092848,1.3017583064092848,1.3017583064092848
250,1,221,3.437525863428607,1.3017583064092848
251,2,111,240,-3.1095825567520934,-3.0308373878903643,1.3017583064092848,1.3017583064092848
252,10,128,161,251,14,95,1,90,121,164,91,-1.3386000338385768,0.8801732635161192,2.1370242664546506,-6.07671438980372,7.740304532391412,-7.297811290299643,4.283327078289294,4.479443016865622,-2.9360470273630987,-6.199551128346657,1.3017583064092848,1.3017583064092848,1.3017583064092848,1.3017583064092848,1.3017583064092848,1.3017583064092848,1.3017583064092848,1.3017583064092848,1.3017583064092848,1.3017583064092848
253,3,157,252,121,-6.149365919883914,6.4301578808514055,-2.892553709940704,1.3017583064092848,1.3017583064092848,1.3017583064092848
254,6,154,217,97,253,118,211,1.2863571021579236,8.707875377002907,5.789655578853355,1.2792224741797509,5.030867597228358,-0.8854275121019899,1.3017583064092848,1.3017583064092848,1.3017583064092848,1.3017583064092848,1.3017583064092848,1.3017583064092848
255,1,254,4.98092347981271,1.3017583064092848
256,4,241,180,95,90,-1.6188079654863234,-2.5804474448097126,-3.5327917513351874,-0.972244964555007,1.3017583064092848,1.3017583064092848,1.3017583064092848,1.3017583064092848
257,4,256,189,163,84,4.295262154791351,6.7088977691352145,-2.5311979442952848,-6.807198772856364,1.3017583064092848,1.3017583064092848,1.3017583064092848,1.3017583064092848
258,1,221,4.271197535807039,1.3017583064092848
259,19,161,111,145,52,157,147,125,107,83,35,5,184,31,45,257,84,258,142,222,3.6689585759406755,-2.52960435191909,4.2723859429049345,-1.7795790590149634,-3.2013882345959273,4.720756759868747,-3.6381603068938797,6.554583333138936,2.5249825141454263,-7.5908389127039575,-6.276155892523419,-7.575361402516481,6.6556389975881975,-1.7106810695586983,-4.441336192755245,1.9087158965177373,-6.514194238857328,4.851279979874309,-2.5727783562899447,1.3017583064092848,1.3017583064092848,1.3017583064092848,1.3017583064092848,1.3017583064092848,1.3017583064092848,1.3017583064092848,1.3017583064092848,1.3017583064092848,1.3017583064092848,1.3017583064092848,1.3017583064092848,1.3017583064092848,1.3017583064092848,1.3017583064092848,1.3017583064092848,1.3017583064092848,1.3017583064092848,1.3017583064092848
260,5,259,114,84,183,101,4.340330787263265,-2.538022215959186,5.410846091056367,1.54424728081523,7.358378896727407,1.3017583064092848,1.3017583064092848,1.3017583064092848,1.3017583064092848,1.3017583064092848
261,1,201,-2.0223586234532718,1.3017583064092848
262,6,201,125,2,1,199,142,2.8424963568008486,4.623434991314382,6.577957128196582,-3.6467753149843873,-1.7176619488047309,-1.3664187899977513,1.3017583064092848,1.3017583064092848,1.3017583064092848,1.3017583064092848,1.3017583064092848,1.3017583064092848
263,1,251,-6.899999364830525,1.3017583064092848
264,1,201,4.128141176431536,1.3017583064092848
265,7,147,221,95,23,90,92,101,7.253986974806302,-1.324590722697559,1.511153310622049,-7.305668947940907,7.432561257771712,2.937012374516856,-3.2243708666876643,1.3017583064092848,1.3017583064092848,1.3017583064092848,1.3017583064092848,1.3017583064092848,1.3017583064092848,1.3017583064092848
266,2,127,247,3.657722067385506,2.051279559815047,1.3017583064092848,1.3017583064092848
267,2,234,142,2.5007266373968196,-5.711706800219034,1.3017583064092848,1.3017583064092848
268,2,161,111,-1.1782118744574868,0.9764134369752583,1.3017583064092848,1.3017583064092848
269,2,167,142,5.6876635032361404,2.767504265728172,1.3017583064092848,1.3017583064092848
270,1,167,1.369077765665507,1.3017583064092848
271,3,128,243,90,-7.449316027924947,6.0189196315407125,-6.926538078455477,1.3017583064092848,1.3017583064092848,1.3017583064092848
272,2,243,45,-2.9756858264767785,-3.318002930220582,1.3017583064092848,1.3017583064092848
273,5,95,1,90,167,172,-4.517443468308253,-2.8102045751891573,-1.1318555250385198,-3.3217982670494823,2.509548383455134,1.3017583064092848,1.3017583064092848,1.3017583064092848,1.3017583064092848,1.3017583064092848
274,6,119,106,83,254,23,120,2.5000760551692687,5.031178300841535,3.3754775564518873,3.680993247788001,-4.3860423412709215,6.03589403150121,1.3017583064092848,1.3017583064092848,1.3017583064092848,1.3017583064092848,1.3017583064092848,1.3017583064092848
275,3,150,131,142,3.1028567680250685,4.458551816441008,8.271976048532924,1.3017583064092848,1.3017583064092848,1.3017583064092848
276,2,95,90,1.1182713071027353,3.749634234324376,1.3017583064092848,1.3017583064092848
277,4,268,79,221,84,3.8690086229911,1.5898760664005824,-4.588779877385905,1.5644399332876795,1.3017583064092848,1.3017583064092848,1.3017583064092848,1.3017583064092848
278,8,238,272,244,136,142,54,56,51,-6.8471198275142235,-5.146641552237496,-5.029873446541811,6.035184333341166,6.6568043371210965,-6.844941016108135,1.1425631637523477,-4.632016693600613,1.3017583064092848,1.3017583064092848,1.3017583064092848,1.3017583064092848,1.3017583064092848,1.3017583064092848,1.3017583064092848,1.3017583064092848
279,1,242,3.1096954138520454,1.3017583064092848
280,1,106,-2.1529755909668857,1.3017583064092848
281,5,277,189,114,142,54,1.3659641737187265,7.010097734814495,-6.130430897391135,-2.120546325462651,-2.7778298187263926,1.3017583064092848,1.3017583064092848,1.3017583064092848,1.3017583064092848,1.3017583064092848
282,6,201,147,249,95,90,142,-5.597047951361576,-4.9195879900866535,3.36962836577602,-2.759506664579268,-0.9587164858684545,5.737845748091309,1.3017583064092848,1.3017583064092848,1.3017583064092848,1.3017583064092848,1.3017583064092848,1.3017583064092848
283,2,225,221,-8.032882816900168,-5.4851621348823265,1.3017583064092848,1.3017583064092848
284,2,128,243,-3.799305280755959,-4.154536472455156,1.3017583064092848,1.3017583064092848
285,1,147,3.0075331180641576,1.3017583064092848
286,1,201,4.4076191536457054,1.3017583064092848
287,3,169,106,90,-5.643005933307228,6.751721647202699,-7.407988367326582,1.3017583064092848,1.3017583064092848,1.3017583064092848
288,1,39,3.434085408999799,1.3017583064092848
289,1,143,3.2027418597823902,1.3017583064092848
290,1,84,-2.7434545596121898,1.3017583064092848
291,1,147,-6.129476791466147,1.3017583064092848
292,4,111,221,184,138,-4.226984107350222,7.2318773969291215,0.9326576672497492,1.1769496577876444,1.3017583064092848,1.3017583064092848,1.3017583064092848,1.3017583064092848
293,3,111,281,141,-1.082985399785386,-2.6147620352716014,-7.847697068195962,1.3017583064092848,1.3017583064092848,1.3017583064092848
294,1,237,-4.239129576406668,1.3017583064092848
295,1,103,3.3776175287072614,1.3017583064092848
296,2,88,131,-1.8999398424001308,3.53032630377908,1.3017583064092848,1.3017583064092848
297,2,9,31,6.869483379309209,-3.326723282600889,1.3017583064092848,1.3017583064092848
298,1,167,1.9111354512934722,1.3017583064092848
299,3,217,255,279,1.3923582422781886,-5.736036793262638,2.683854500234393,1.3017583064092848,1.3017583064092848,1.3017583064092848
300,1,196,-6.637122158311776,1.3017583064092848
301,1,278,-0.8698828290291017,1.3017583064092848
302,3,161,108,197,-1.101008325692923,-6.765713277927777,-2.368553883439666,1.3017583064092848,1.3017583064092848,1.3017583064092848
303,2,251,84,-4.959674571068915,3.365986777673586,1.3017583064092848,1.3017583064092848
304,1,167,-4.174478779200161,1.3017583064092848
305,1,131,-4.258045639434372,1.3017583064092848
306,1,207,-7.728100251733737,1.3017583064092848
307,4,127,147,171,211,1.7676990964187775,6.602834039455199,1.06876055988033,-4.094556574941174,1.3017583064092848,1.3017583064092848,1.3017583064092848,1.3017583064092848
308,2,234,207,-5.917280021688743,-5.079038302650197,1.3017583064092848,1.3017583064092848
309,4,127,147,95,90,-2.9678145240819673,3.5470645401374545,-3.1905218458300597,-4.25247622544538,1.3017583064092848,1.3017583064092848,1.3017583064092848,1.3017583064092848
310,1,177,2.4832871777005208,1.3017583064092848
311,1,91,1.766362892066311,1.3017583064092848
312,6,69,98,106,177,214,280,5.712150188446333,-1.5849183481422517,5.403326585763883,6.451937253465976,2.2922494317030595,-1.6995522814230855,1.3017583064092848,1.3017583064092848,1.3017583064092848,1.3017583064092848,1.3017583064092848,1.3017583064092848
313,4,150,254,187,92,1.0367945626832857,-6.116513189383705,7.714561879657692,1.019956801347199,1.3017583064092848,1.3017583064092848,1.3017583064092848,1.3017583064092848
314,2,138,113,3.253069533276644,0.7787905634354378,1.3017583064092848,1.3017583064092848
315,3,219,151,255,5.542201247588419,-7.281733903484829,-2.380427241155282,1.3017583064092848,1.3017583064092848,1.3017583064092848
316,6,84,183,92,126,138,113,1.5200298137442034,-4.465235192263443,4.746485170666682,7.273231585566668,-5.815973574145474,-6.76829039648293,1.3017583064092848,1.3017583064092848,1.3017583064092848,1.3017583064092848,1.3017583064092848,1.3017583064092848
317,1,177,-2.81406567868732,1.3017583064092848
318,6,42,221,95,34,90,142,3.5722698072494175,-7.187220108933327,-5.4434760921089556,7.484617592865024,-3.5955816662735582,4.436077976513992,1.3017583064092848,1.3017583064092848,1.3017583064092848,1.3017583064092848,1.3017583064092848,1.3017583064092848
319,26,212,145,157,125,107,193,98,80,215,106,219,290,87,95,276,177,90,167,131,103,206,84,120,121,92,126,-1.5809513210920791,-2.107657468858733,6.138323094879443,-1.3897755623686459,7.097123077143506,-5.856841340871757,-1.1886212289320235,-5.616326527492458,5.188504567557076,6.0816875717049905,-6.5850295708327105,5.8046204325805855,4.865589463725773,2.992042850376605,5.654879765180529,-7.499901462124893,4.875148452365248,-5.420937430894673,-3.806677409897574,-6.072958830011201,7.789024483926071,1.8405895265925702,2.139091526767452,-4.53353592555134,-4.121032369848994,4.761817631490654,1.3017583064092848,1.3017583064092848,1.3017583064092848,1.3017583064092848,1.3017583064092848,1.3017583064092848,1.3017583064092848,1.3017583064092848,1.3017583064092848,1.3017583064092848,1.3017583064092848,1.3017583064092848,1.3017583064092848,1.3017583064092848,1.3017583064092848,1.3017583064092848,1.3017583064092848,1.3017583064092848,1.3017583064092848,1.3017583064092848,1.3017583064092848,1.3017583064092848,1.3017583064092848,1.3017583064092848,1.3017583064092848,1.3017583064092848
320,2,177,255,1.2598104194256412,2.8019651928508322,1.3017583064092848,1.3017583064092848
321,1,238,4.448012212579953,1.3017583064092848
322,19,127,196,112,125,230,98,106,267,9,95,136,34,90,226,233,84,92,228,188,-5.511038378428369,-1.3399114861079071,-4.896139466099694,-2.270515045867584,-5.9005203193291225,-6.562524731925805,-4.904510313234802,4.889674621177984,-3.0985384749428904,3.861407013543406,6.822350596881589,-5.82472685628155,4.382253697366823,3.30857415745209,1.2628169743709363,-1.7126302171302594,2.0670561971540353,-3.345075249100907,-7.389480577313842,1.3017583064092848,1.3017583064092848,1.3017583064092848,1.3017583064092848,1.3017583064092848,1.3017583064092848,1.3017583064092848,1.3017583064092848,1.3017583064092848,1.3017583064092848,1.3017583064092848,1.3017583064092848,1.3017583064092848,1.3017583064092848,1.3017583064092848,1.3017583064092848,1.3017583064092848,1.3017583064092848,1.3017583064092848
323,2,95,254,1.0630367793708588,-7.260701086703461,1.3017583064092848,1.3017583064092848
324,6,212,98,96,71,49,91,-6.8767917975425945,-4.345994810799472,4.556786779683283,2.598018363748145,6.427261241614035,-4.181196930171621,1.3017583064092848,1.3017583064092848,1.3017583064092848,1.3017583064092848,1.3017583064092848,1.3017583064092848
325,1,207,-1.0799525448278755,1.3017583064092848
326,3,95,177,90,7.381823590006873,-7.358459136341144,4.483645067390886,1.3017583064092848,1.3017583064092848,1.3017583064092848
327,1,108,5.264443550553221,1.3017583064092848
328,1,32,3.987643150057987,1.3017583064092848
329,11,157,267,182,95,158,214,312,280,90,255,84,-1.5497253329400913,1.3884850781685625,2.3545484981979956,-6.645012039287781,1.737169277401109,2.311683585674759,-4.598728875994546,2.2295028497796947,-1.8606054415117188,4.703180406384729,3.31622046153322,1.3017583064092848,1.3017583064092848,1.3017583064092848,1.3017583064092848,1.3017583064092848,1.3017583064092848,1.3017583064092848,1.3017583064092848,1.3017583064092848,1.3017583064092848,1.3017583064092848
330,3,95,254,90,4.872841167052868,5.736791417216049,4.925755290667908,1.3017583064092848,1.3017583064092848,1.3017583064092848
331,4,231,221,84,174,6.333612465878598,-0.7731040170588077,-7.094038973141278,4.593559324533268,1.3017583064092848,1.3017583064092848,1.3017583064092848,1.3017583064092848
332,3,221,255,84,4.0368017557437375,4.266976491277539,-2.920968100421349,1.3017583064092848,1.3017583064092848,1.3017583064092848
333,1,251,4.4490430305328115,1.3017583064092848
334,14,11,241,112,235,98,162,221,95,90,226,103,84,92,0,3.3354845316042554,-7.520323536247969,-1.9114530451649603,2.9441144892355675,-2.763216458237433,-4.517992576949674,4.208141776012694,5.224771573933272,7.380066600196269,-3.2300145129302287,5.569824939936551,0.8707066760296697,2.541030470239968,-3.9578867488584026,1.3017583064092848,1.3017583064092848,1.3017583064092848,1.3017583064092848,1.3017583064092848,1.3017583064092848,1.3017583064092848,1.3017583064092848,1.3017583064092848,1.3017583064092848,1.3017583064092848,1.3017583064092848,1.3017583064092848,1.3017583064092848
335,9,241,231,157,108,187,195,84,183,0,-5.808468573257477,3.421022654138679,0.9676206332081073,-1.3735024039382406,5.211437421783684,-7.56628603073705,0.791644240295971,4.5378646597943275,-5.875332449798133,1.3017583064092848,1.3017583064092848,1.3017583064092848,1.3017583064092848,1.3017583064092848,1.3017583064092848,1.3017583064092848,1.3017583064092848,1.3017583064092848
336,20,231,260,111,125,107,108,249,98,100,99,236,265,87,123,84,183,20,305,6,301,1.5699099129222125,7.281158512856588,0.8859453533215847,-6.641878990850362,1.246306641449287,-2.083839413630711,-0.7287708597934318,-3.86442742984679,-3.0765572291531234,-1.8804001660378662,3.905871163478884,3.5597454674373523,6.154946246433893,7.046341638330795,-5.337263452855621,-1.5849774846418156,-2.7997063334108794,-7.189767048023511,-1.331518385127639,3.591608800975014,1.3017583064092848,1.3017583064092848,1.3017583064092848,1.3017583064092848,1.3017583064092848,1.3017583064092848,1.3017583064092848,1.3017583064092848,1.3017583064092848,1.3017583064092848,1.3017583064092848,1.3017583064092848,1.3017583064092848,1.3017583064092848,1.3017583064092848,1.3017583064092848,1.3017583064092848,1.3017583064092848,1.3017583064092848,1.3017583064092848
337,2,221,309,2.070731899030324,5.71560647198011,1.3017583064092848,1.3017583064092848
338,11,161,100,215,251,303,252,221,95,1,90,121,3.1963652485154617,-7.000270801400114,6.521526308102665,4.202466913684284,6.192131541640227,2.6274017501961215,-4.212569335433516,-2.104114497618647,-6.817263435719003,6.548581853105676,7.1104196218145574,1.3017583064092848,1.3017583064092848,1.3017583064092848,1.3017583064092848,1.3017583064092848,1.3017583064092848,1.3017583064092848,1.3017583064092848,1.3017583064092848,1.3017583064092848,1.3017583064092848
339,3,169,104,177,3.7027176814987195,4.682276536021125,-3.1351204760704587,1.3017583064092848,1.3017583064092848,1.3017583064092848
340,3,112,167,168,2.4155206037409593,-1.2867138839690524,4.228946043367386,1.3017583064092848,1.3017583064092848,1.3017583064092848
341,5,193,274,265,83,184,-5.054863754434399,-3.5977413004507244,3.8420726596906842,2.101298832118668,-6.288437401151253,1.3017583064092848,1.3017583064092848,1.3017583064092848,1.3017583064092848,1.3017583064092848
342,1,221,-4.785257178655415,1.3017583064092848
343,14,128,244,130,251,106,95,254,34,90,84,239,121,92,242,6.7855951027085935,3.287934453572502,-6.917486792115616,-5.843441956318529,6.332734215664557,5.385964696019566,-6.668574874500584,7.704155400127676,-3.661240655755499,-6.439751861170563,5.950483904156054,-3.892039329180266,7.23736983843076,-3.4796284130696318,1.3017583064092848,1.3017583064092848,1.3017583064092848,1.3017583064092848,1.3017583064092848,1.3017583064092848,1.3017583064092848,1.3017583064092848,1.3017583064092848,1.3017583064092848,1.3017583064092848,1.3017583064092848,1.3017583064092848,1.3017583064092848
344,36,11,289,272,181,244,127,311,111,147,202,170,42,270,215,2,159,221,95,254,158,146,296,194,177,90,233,187,84,92,218,168,126,142,138,101,22,-6.4260247189550865,7.060790836385094,1.1992323194327361,-4.784913955073216,-4.020844621419057,-5.065265143032426,3.8787712659364795,3.5332736891953416,4.053577461730866,-4.835912819538601,4.260335917006187,4.055451190321984,-6.5114089750286555,-5.998554779482454,-3.126425555505887,6.388798292727003,-6.7658588905759975,1.7915890051453864,4.840767552877651,-2.7281015761307366,-5.952548441609498,2.3975532833896622,-5.471085590914011,-2.5136358917828923,4.3325214756174235,7.4407557408101095,-3.4101011129825904,-6.922781599419542,-7.71284436287441,-6.916475388734669,1.879498735620481,-6.524359820707402,-0.9295100354389854,-3.4953148373553993,6.887222818946001,-5.594339202306526,1.3017583064092848,1.3017583064092848,1.3017583064092848,1.3017583064092848,1.3017583064092848,1.3017583064092848,1.3017583064092848,1.3017583064092848,1.3017583064092848,1.3017583064092848,1.3017583064092848,1.3017583064092848,1.3017583064092848,1.3017583064092848,1.3017583064092848,1.3017583064092848,1.3017583064092848,1.3017583064092848,1.3017583064092848,1.3017583064092848,1.3017583064092848,1.3017583064092848,1.3017583064092848,1.3017583064092848,1.3017583064092848,1.3017583064092848,1.3017583064092848,1.3017583064092848,1.3017583064092848,1.3017583064092848,1.3017583064092848,1.3017583064092848,1.3017583064092848,1.3017583064092848,1.3017583064092848,1.3017583064092848
345,5,201,147,93,74,214,-0.7394881282948959,-4.37165111288355,-4.0767447113228465,7.228490813178291,3.029106462360208,1.3017583064092848,1.3017583064092848,1.3017583064092848,1.3017583064092848,1.3017583064092848
346,4,244,107,106,239,2.2127672655110415,5.827658505937927,6.132360555675618,-1.633744123360684,1.3017583064092848,1.3017583064092848,1.3017583064092848,1.3017583064092848
347,10,244,249,98,217,221,254,90,255,84,228,3.324039512093299,-4.573215930017222,3.0275480690580223,-2.593480093197586,3.9085998959053945,-1.960223390121743,-4.395408334849138,-5.634124832849274,-4.714895588133004,-1.3417155473059126,1.3017583064092848,1.3017583064092848,1.3017583064092848,1.3017583064092848,1.3017583064092848,1.3017583064092848,1.3017583064092848,1.3017583064092848,1.3017583064092848,1.3017583064092848
348,16,201,127,198,125,156,17,95,177,90,195,85,121,92,126,10,133,5.746970599725148,-6.538928156830858,1.2536929620959862,6.851140834735149,6.260441293382835,8.087329331195292,5.568255035374179,5.39867800718584,-4.357416780718733,5.2494263738532325,-7.109828490517352,1.3915637405823724,2.895145483945964,1.1955008104305105,7.28932510484779,3.7997779002094174,1.3017583064092848,1.3017583064092848,1.3017583064092848,1.3017583064092848,1.3017583064092848,1.3017583064092848,1.3017583064092848,1.3017583064092848,1.3017583064092848,1.3017583064092848,1.3017583064092848,1.3017583064092848,1.3017583064092848,1.3017583064092848,1.3017583064092848,1.3017583064092848
349,1,108,-4.353155992532225,1.3017583064092848
350,1,221,-2.5464415637318663,1.3017583064092848
351,19,201,289,127,117,119,157,230,235,83,159,194,263,84,183,126,19,228,140,91,1.5319555585131293,1.4351612988069655,-5.232278877745191,-3.1977003525459,2.2401753599758214,-5.616596721396093,-5.580821862827307,-4.5316215044486565,-7.343504835152511,3.439277078574738,-6.639486342400815,-1.234932218145884,5.957228682508118,7.723521224574716,-6.71575479987469,-4.819328027363042,5.1539591348226725,3.211047546869375,-5.5285019182154,1.3017583064092848,1.3017583064092848,1.3017583064092848,1.3017583064092848,1.3017583064092848,1.3017583064092848,1.3017583064092848,1.3017583064092848,1.3017583064092848,1.3017583064092848,1.3017583064092848,1.3017583064092848,1.3017583064092848,1.3017583064092848,1.3017583064092848,1.3017583064092848,1.3017583064092848,1.3017583064092848,1.3017583064092848
352,3,125,156,225,1.0560121791262207,4.572789037614851,2.65187610004441,1.3017583064092848,1.3017583064092848,1.3017583064092848
353,4,214,255,208,84,-4.940542241422236,-3.788746621552326,7.260771222616103,2.745841643287304,1.3017583064092848,1.3017583064092848,1.3017583064092848,1.3017583064092848
354,1,254,1.0851333296481092,1.3017583064092848
355,15,128,181,243,231,119,170,236,221,95,90,131,84,92,142,91,-7.3779819289425275,-7.5521699233883455,-7.007398572123197,-3.9452298089194717,2.2295883605969435,-6.375093864917789,-5.842235139110271,2.2433054322036208,3.847300469998328,-3.9283438498845937,-6.4723028045260556,-5.47486020810511,-5.190268151326165,-5.236863084797906,-2.582741274793808,1.3017583064092848,1.3017583064092848,1.3017583064092848,1.3017583064092848,1.3017583064092848,1.3017583064092848,1.3017583064092848,1.3017583064092848,1.3017583064092848,1.3017583064092848,1.3017583064092848,1.3017583064092848,1.3017583064092848,1.3017583064092848,1.3017583064092848
356,8,274,106,83,283,17,95,90,84,-4.777411343264954,2.30508906785068,1.1335792372137092,6.027845627441764,3.953189150809,3.332814516132143,-3.6882998572324186,6.358659235234185,1.3017583064092848,1.3017583064092848,1.3017583064092848,1.3017583064092848,1.3017583064092848,1.3017583064092848,1.3017583064092848,1.3017583064092848
357,3,238,141,268,-3.6453999735986393,-4.432974724391149,-2.9583605712472423,1.3017583064092848,1.3017583064092848,1.3017583064092848
358,2,299,177,3.4447653813121555,1.7846972089653925,1.3017583064092848,1.3017583064092848
359,3,130,221,123,-3.6170829085831153,4.6578358435629985,-7.313334648007415,1.3017583064092848,1.3017583064092848,1.3017583064092848
360,9,111,281,107,215,220,114,195,142,222,0.8450499437817086,-2.4740178359239535,1.542882403382482,-2.241317105232562,2.6517869030884405,-3.5521823966635164,-4.459660828074113,0.7081383332315982,-1.8511044338273839,1.3017583064092848,1.3017583064092848,1.3017583064092848,1.3017583064092848,1.3017583064092848,1.3017583064092848,1.3017583064092848,1.3017583064092848,1.3017583064092848
361,10,161,244,157,130,176,97,63,114,82,101,-0.8520008120959269,7.2093019424789855,1.4348076580013924,-1.5633946086870532,1.699866007546963,-7.485942551545361,5.93643481281697,-4.914383506102907,7.523523868290889,-1.297079730742244,1.3017583064092848,1.3017583064092848,1.3017583064092848,1.3017583064092848,1.3017583064092848,1.3017583064092848,1.3017583064092848,1.3017583064092848,1.3017583064092848,1.3017583064092848
362,2,189,221,7.5569118608676975,1.5214954877694633,1.3017583064092848,1.3017583064092848
363,1,254,3.3945957209953295,1.3017583064092848
364,3,111,281,106,4.8020169232296555,-8.192174824182088,1.0040502276773327,1.3017583064092848,1.3017583064092848,1.3017583064092848
365,12,161,147,93,202,171,98,106,61,87,95,90,183,-1.760982702906818,4.490551422611244,-5.486077421851769,3.942510067782655,1.8021958172967176,-2.435446834812671,6.771131289972628,-0.9460038068996582,-5.737209573019256,7.80126299490974,0.75426781232757,1.8452526217984728,1.3017583064092848,1.3017583064092848,1.3017583064092848,1.3017583064092848,1.3017583064092848,1.3017583064092848,1.3017583064092848,1.3017583064092848,1.3017583064092848,1.3017583064092848,1.3017583064092848,1.3017583064092848
366,1,108,5.654941106473879,1.3017583064092848
367,8,245,127,196,106,83,248,84,183,2.1762614634416293,-4.701896638169664,-6.966607297904423,5.438616370253204,-4.052943705309322,-2.9857964697816364,1.3112827785829009,-2.4390563262583806,1.3017583064092848,1.3017583064092848,1.3017583064092848,1.3017583064092848,1.3017583064092848,1.3017583064092848,1.3017583064092848,1.3017583064092848
368,10,181,236,122,221,95,177,90,167,131,92,2.7159468994421094,-3.6727526079188766,-3.005842227985002,-6.372981529413949,-7.5050296502585025,-6.919627188745167,-1.7921975870705682,-6.219083064425763,1.7521925245199788,7.190213279218008,1.3017583064092848,1.3017583064092848,1.3017583064092848,1.3017583064092848,1.3017583064092848,1.3017583064092848,1.3017583064092848,1.3017583064092848,1.3017583064092848,1.3017583064092848
369,5,95,177,90,84,183,6.23022298737169,7.429970171281518,1.386906585223045,-4.804116635486858,2.9582535920133908,1.3017583064092848,1.3017583064092848,1.3017583064092848,1.3017583064092848,1.3017583064092848
370,5,244,275,221,131,92,5.426676529347516,1.903314945641744,-3.8323606163937303,5.058560848811849,1.5311863631327285,1.3017583064092848,1.3017583064092848,1.3017583064092848,1.3017583064092848,1.3017583064092848
371,1,207,-5.346770533210211,1.3017583064092848
372,3,221,84,239,5.352862390020938,5.393438161076348,-7.706095958458568,1.3017583064092848,1.3017583064092848,1.3017583064092848
373,5,125,95,90,103,84,1.3507827332567994,4.804447451374245,1.1248041551712868,2.770195272272967,1.0863267542194768,1.3017583064092848,1.3017583064092848,1.3017583064092848,1.3017583064092848,1.3017583064092848
374,18,55,201,282,112,157,285,189,95,262,194,34,90,226,205,84,183,203,101,1.830419004662842,-5.010891872658854,-6.286120615474714,-6.505296340889166,-2.8847983730330222,-4.576627712217315,4.675957882763203,-4.0390878239170735,5.326816714838608,2.608646917543238,7.61731917572651,-1.3904625945161597,-6.557168382582042,4.895625706842979,2.4276667773474947,5.966778645903974,1.2943639658497963,-6.169893642736974,1.3017583064092848,1.3017583064092848,1.3017583064092848,1.3017583064092848,1.3017583064092848,1.3017583064092848,1.3017583064092848,1.3017583064092848,1.3017583064092848,1.3017583064092848,1.3017583064092848,1.3017583064092848,1.3017583064092848,1.3017583064092848,1.3017583064092848,1.3017583064092848,1.3017583064092848,1.3017583064092848
375,2,108,247,-3.0183246623510813,-2.368332055706346,1.3017583064092848,1.3017583064092848
376,7,193,197,83,95,34,90,121,5.975001000172189,4.070357340043994,-4.755855695738726,2.933015676107877,-1.704893333253473,-2.597532781861386,6.808696361830203,1.3017583064092848,1.3017583064092848,1.3017583064092848,1.3017583064092848,1.3017583064092848,1.3017583064092848,1.3017583064092848
377,7,238,216,95,34,90,131,237,-2.219827191772295,8.750191304886398,5.433533052219911,4.837286006302151,0.6999309922424725,-1.9106525399045018,-4.9571621439986115,1.3017583064092848,1.3017583064092848,1.3017583064092848,1.3017583064092848,1.3017583064092848,1.3017583064092848,1.3017583064092848
378,2,128,84,6.026027750960625,-7.630856701900869,1.3017583064092848,1.3017583064092848
379,2,244,150,7.541718592491428,2.1538432919784807,1.3017583064092848,1.3017583064092848
380,8,238,150,112,182,177,142,138,113,8.062841003134777,1.3432099739196561,-5.114198600627698,-6.034111319026056,4.882547100912938,-4.067491502971099,4.90130869985889,1.7136598883965335,1.3017583064092848,1.3017583064092848,1.3017583064092848,1.3017583064092848,1.3017583064092848,1.3017583064092848,1.3017583064092848,1.3017583064092848
381,9,229,127,182,79,295,221,84,101,301,-2.383079162578055,6.815986954689212,-3.2820170714205426,4.522480867958621,3.530486026541143,1.9488194418158487,5.766101149464221,3.7996353557886673,0.7982138619048454,1.3017583064092848,1.3017583064092848,1.3017583064092848,1.3017583064092848,1.3017583064092848,1.3017583064092848,1.3017583064092848,1.3017583064092848,1.3017583064092848
382,20,229,169,231,111,141,40,157,98,182,104,184,95,114,90,84,183,92,168,142,222,-3.0794203379225737,-5.010129285767367,-4.994944007522957,-2.583874051313532,-2.2637182990364835,1.500913509120429,-5.351522423060573,6.210060283071865,-6.069098927215111,-3.5025172441008086,2.145868849070737,3.8992667564157384,4.557259822098878,-7.185536426893181,6.8730298582537985,-7.164152923009002,6.69962921104898,-7.506727602102152,-3.9831814191063,1.0318868079529195,1.3017583064092848,1.3017583064092848,1.3017583064092848,1.3017583064092848,1.3017583064092848,1.3017583064092848,1.3017583064092848,1.3017583064092848,1.3017583064092848,1.3017583064092848,1.3017583064092848,1.3017583064092848,1.3017583064092848,1.3017583064092848,1.3017583064092848,1.3017583064092848,1.3017583064092848,1.3017583064092848,1.3017583064092848,1.3017583064092848
383,2,254,85,4.956416327960177,4.315777249054489,1.3017583064092848,1.3017583064092848
384,6,289,127,193,106,83,76,-1.8342221096556313,-5.484760197090975,-2.6236563259102694,-2.6394658193804506,1.8533109064228874,-3.062475475561268,1.3017583064092848,1.3017583064092848,1.3017583064092848,1.3017583064092848,1.3017583064092848,1.3017583064092848
385,1,221,5.595367898786194,1.3017583064092848
386,10,191,192,128,157,134,125,99,189,84,183,-7.376221881171136,3.7175726961211346,-7.073132434670267,1.3937091326785807,1.1980124590309817,-5.801565865824984,-6.082093527023031,-6.66247159037247,1.100120190187913,-6.194477238974694,1.3017583064092848,1.3017583064092848,1.3017583064092848,1.3017583064092848,1.3017583064092848,1.3017583064092848,1.3017583064092848,1.3017583064092848,1.3017583064092848,1.3017583064092848
387,1,205,-6.576576377664142,1.3017583064092848
388,6,191,272,112,217,254,173,-5.923477731333969,5.757493191083198,6.79984547139158,-2.0068541361895122,-0.7069634130817771,-4.953345519950453,1.3017583064092848,1.3017583064092848,1.3017583064092848,1.3017583064092848,1.3017583064092848,1.3017583064092848
389,1,71,-1.2000773194338565,1.3017583064092848
390,3,156,225,226,7.209005712741473,2.918436273888262,7.679354615765558,1.3017583064092848,1.3017583064092848,1.3017583064092848
391,12,202,171,95,310,90,255,84,183,48,92,10,133,-1.7140013996874572,-5.780278595409926,-4.969518185100198,5.607801221609301,-1.3844930761155145,2.0407284142452786,-1.2455836520940697,4.993171283114194,-7.710332887069891,-5.475213396305421,5.750704246241007,7.696081033304111,1.3017583064092848,1.3017583064092848,1.3017583064092848,1.3017583064092848,1.3017583064092848,1.3017583064092848,1.3017583064092848,1.3017583064092848,1.3017583064092848,1.3017583064092848,1.3017583064092848,1.3017583064092848
392,2,106,177,0.6272754869755793,4.4095766107987595,1.3017583064092848,1.3017583064092848
393,4,98,130,92,228,-4.19305611224847,-1.935701359819302,1.1109820278477853,1.2733358227142344,1.3017583064092848,1.3017583064092848,1.3017583064092848,1.3017583064092848
394,2,177,84,1.9115384071897745,2.5570936717187243,1.3017583064092848,1.3017583064092848
395,4,299,217,17,136,0.8357169170059059,-4.3411040837275765,6.3558479910000445,4.969827081650998,1.3017583064092848,1.3017583064092848,1.3017583064092848,1.3017583064092848
396,2,98,167,4.44616271827278,1.5676404696649602,1.3017583064092848,1.3017583064092848
397,12,150,212,213,197,265,95,136,90,233,237,179,91,-1.7923304106192242,7.300568099755264,6.094148109703197,7.236413037568486,7.19348858294079,5.299853555449752,-7.275375347157275,-3.6513408314881786,0.8664876120063295,1.142438585586391,-1.4748227139110477,1.3746894143268302,1.3017583064092848,1.3017583064092848,1.3017583064092848,1.3017583064092848,1.3017583064092848,1.3017583064092848,1.3017583064092848,1.3017583064092848,1.3017583064092848,1.3017583064092848,1.3017583064092848,1.3017583064092848
398,2,147,92,0.79341606553901,2.694544412113401,1.3017583064092848,1.3017583064092848
399,31,292,102,231,111,147,93,125,107,156,98,189,223,106,79,38,295,221,31,95,146,1,90,131,103,84,92,142,222,10,133,101,-3.0498537716113683,-2.649480016122577,6.469029569184588,6.09999559672472,5.642648449331798,1.688665334835036,-6.440354111495749,-5.512095824261199,-2.085327626119601,-5.305482778180741,4.136209295453501,3.822463729760762,-1.4976829967051262,-4.383393275533417,-1.4110696217304801,-1.8680417308328787,1.6427790989147788,-7.479559131975966,-2.724923714645426,3.2246510436941254,-2.9893238741781625,7.082717623336586,-4.70069148728211,-7.2312686607629555,-2.8319188875157666,1.5169469033930796,-4.652754224628114,-3.1559695666101124,-6.398245248632458,-6.948961103352938,-4.058499442657643,1.3017583064092848,1.3017583064092848,1.3017583064092848,1.3017583064092848,1.3017583064092848,1.3017583064092848,1.3017583064092848,1.3017583064092848,1.3017583064092848,1.3017583064092848,1.3017583064092848,1.3017583064092848,1.3017583064092848,1.3017583064092848,1.3017583064092848,1.3017583064092848,1.3017583064092848,1.3017583064092848,1.3017583064092848,1.3017583064092848,1.3017583064092848,1.3017583064092848,1.3017583064092848,1.3017583064092848,1.3017583064092848,1.3017583064092848,1.3017583064092848,1.3017583064092848,1.3017583064092848,1.3017583064092848,1.3017583064092848
400,1,216,6.124754011877855,1.3017583064092848
401,1,136,1.6970107230971223,1.3017583064092848
402,11,289,112,193,274,106,83,95,90,84,183,126,-4.907641194892512,5.239545425651456,-5.722675038493611,-5.681574484112407,6.500347499920385,4.119996142739816,-4.4730754963879376,-2.990185713343794,-1.4433337533460469,-5.402177179806903,1.119352910784279,1.3017583064092848,1.3017583064092848,1.3017583064092848,1.3017583064092848,1.3017583064092848,1.3017583064092848,1.3017583064092848,1.3017583064092848,1.3017583064092848,1.3017583064092848,1.3017583064092848
403,3,177,167,206,4.814794572369745,-4.1934297678956245,4.160865016338134,1.3017583064092848,1.3017583064092848,1.3017583064092848
404,17,127,231,198,125,100,189,267,221,95,309,90,206,10,133,140,91,22,5.997769166308334,-4.178648998581237,4.054082106416038,-0.8780378026299782,-7.304087660273459,-2.9313237190354124,-2.487724182683888,7.703244893837608,5.733969212471616,1.0245460171639504,-1.1264173266826263,0.8711802732868885,4.89867497311656,1.194316711641983,7.240103522867396,-7.264783955287655,5.4073352944916495,1.3017583064092848,1.3017583064092848,1.3017583064092848,1.3017583064092848,1.3017583064092848,1.3017583064092848,1.3017583064092848,1.3017583064092848,1.3017583064092848,1.3017583064092848,1.3017583064092848,1.3017583064092848,1.3017583064092848,1.3017583064092848,1.3017583064092848,1.3017583064092848,1.3017583064092848
405,1,177,-2.9121868778831796,1.3017583064092848
406,5,125,193,83,214,84,-3.6371874908665385,-6.582086480127386,-6.145046205829143,4.799729981315671,-6.455873351196478,1.3017583064092848,1.3017583064092848,1.3017583064092848,1.3017583064092848,1.3017583064092848
407,2,128,272,-7.045363153812119,-3.018049718647544,1.3017583064092848,1.3017583064092848
408,1,205,3.306233608575616,1.3017583064092848
409,4,201,108,224,239,3.197265784223598,-4.428600814835871,-6.975272396853576,2.7780193927032784,1.3017583064092848,1.3017583064092848,1.3017583064092848,1.3017583064092848
410,1,255,3.117619250554995,1.3017583064092848
411,3,210,138,113,6.915459700511194,1.6105615280278354,1.2706397582399684,1.3017583064092848,1.3017583064092848,1.3017583064092848
412,11,245,215,251,252,106,95,276,163,90,121,91,5.314808150252459,-6.167564186495651,4.74742384880164,-7.19485361023176,-3.38925886752963,-0.9073461591118882,-1.481413211545709,0.9477289156617194,2.9494478176279793,-4.09816415506102,3.1382512122771504,1.3017583064092848,1.3017583064092848,1.3017583064092848,1.3017583064092848,1.3017583064092848,1.3017583064092848,1.3017583064092848,1.3017583064092848,1.3017583064092848,1.3017583064092848,1.3017583064092848
413,3,244,235,92,3.3457721825121665,2.9042687186141545,5.366634319241328,1.3017583064092848,1.3017583064092848,1.3017583064092848
414,1,108,1.6605722298231829,1.3017583064092848
415,7,191,192,161,157,147,14,84,6.694528623954525,-0.9115448831198703,7.700514897537145,-1.7682720545648944,4.0916641955195034,3.5317859849044755,0.7347848757676472,1.3017583064092848,1.3017583064092848,1.3017583064092848,1.3017583064092848,1.3017583064092848,1.3017583064092848,1.3017583064092848
416,6,212,77,215,221,184,90,4.588992628220484,2.5222476133767504,5.487970711701884,4.534007716004945,-7.303093688096539,3.7660033412499927,1.3017583064092848,1.3017583064092848,1.3017583064092848,1.3017583064092848,1.3017583064092848,1.3017583064092848
417,2,221,63,5.09321659952383,8.192983094694263,1.3017583064092848,1.3017583064092848
418,3,212,71,49,-0.8199156708755654,-5.416232095624392,7.914391788287135,1.3017583064092848,1.3017583064092848,1.3017583064092848
419,1,244,-5.304555255651099,1.3017583064092848
420,1,221,6.629254317852225,1.3017583064092848
421,1,244,4.419765231522487,1.3017583064092848
422,5,221,114,131,84,142,6.938783720863917,-6.473559505689621,-4.366304276496012,2.489381055993771,-4.295803619560649,1.3017583064092848,1.3017583064092848,1.3017583064092848,1.3017583064092848,1.3017583064092848
423,2,214,255,1.874922294972092,4.110751576261572,1.3017583064092848,1.3017583064092848
424,13,212,157,156,98,130,159,95,90,71,49,131,237,91,-1.0828293512167573,2.816939292424157,-2.3399095257910267,5.084365168249946,-6.264029787086904,1.31927328467422,-6.713222054515016,-6.787388363570337,3.1194092523741923,-5.36006580760664,-3.5462963576901907,1.7889006407957417,4.437998860940682,1.3017583064092848,1.3017583064092848,1.3017583064092848,1.3017583064092848,1.3017583064092848,1.3017583064092848,1.3017583064092848,1.3017583064092848,1.3017583064092848,1.3017583064092848,1.3017583064092848,1.3017583064092848,1.3017583064092848
425,13,201,227,209,260,157,156,98,61,176,84,183,142,228,-4.537907866346938,-4.5040764748563165,8.88843155969898,-2.3786247793756377,1.1985080834881074,-4.53387792874331,2.933731526109107,-2.889486927361657,-0.7259008199445243,4.769268643998424,2.4893388777674446,1.9665483373311694,-0.954758579906012,1.3017583064092848,1.3017583064092848,1.3017583064092848,1.3017583064092848,1.3017583064092848,1.3017583064092848,1.3017583064092848,1.3017583064092848,1.3017583064092848,1.3017583064092848,1.3017583064092848,1.3017583064092848,1.3017583064092848
426,1,177,-5.525581914370187,1.3017583064092848
427,8,125,107,106,95,90,103,187,84,6.052269170782286,3.020258748467179,6.512922142012369,5.594634210169417,-4.655991001157703,0.8433259712188614,0.9466971204854686,7.710487552383521,1.3017583064092848,1.3017583064092848,1.3017583064092848,1.3017583064092848,1.3017583064092848,1.3017583064092848,1.3017583064092848,1.3017583064092848
428,7,190,253,257,173,307,237,91,-3.8880144270687045,-6.2810292840453705,0.891060118892652,2.735771810028721,-6.010662304189401,6.305514246548911,5.080014803544189,1.3017583064092848,1.3017583064092848,1.3017583064092848,1.3017583064092848,1.3017583064092848,1.3017583064092848,1.3017583064092848
429,5,159,137,136,96,84,4.470707357411367,4.460278844676817,3.481713020025631,4.462600144059383,3.6381480327655153,1.3017583064092848,1.3017583064092848,1.3017583064092848,1.3017583064092848,1.3017583064092848
430,2,221,114,5.966313516521157,7.7676307845649575,1.3017583064092848,1.3017583064092848
431,1,128,7.3232743901617425,1.3017583064092848
432,5,98,106,95,90,142,4.547013192760104,3.7092712204087794,5.513667753467123,6.426412800137097,5.425375475096245,1.3017583064092848,1.3017583064092848,1.3017583064092848,1.3017583064092848,1.3017583064092848
433,3,159,167,239,2.1834239309210592,4.24180268560202,4.880453902476164,1.3017583064092848,1.3017583064092848,1.3017583064092848
434,1,147,0.7187093685756708,1.3017583064092848
435,6,212,77,221,184,95,90,4.979765798405411,1.9138146851575883,6.4295674516862205,5.731832420610135,-6.021624565662441,3.448108724046891,1.3017583064092848,1.3017583064092848,1.3017583064092848,1.3017583064092848,1.3017583064092848,1.3017583064092848
436,4,193,106,83,19,5.477509969751574,-4.46452449503808,3.9914433320160123,7.284224205669108,1.3017583064092848,1.3017583064092848,1.3017583064092848,1.3017583064092848
437,1,207,7.7199086977630325,1.3017583064092848
438,1,136,7.601422739736362,1.3017583064092848
439,9,127,235,308,153,257,173,103,84,183,-5.8903435994738755,-4.883794548961566,-1.868063551328208,-4.428061311137689,7.124655051878318,4.27292058429023,-6.668780432269744,-1.4369052667467357,-3.3079278732416078,1.3017583064092848,1.3017583064092848,1.3017583064092848,1.3017583064092848,1.3017583064092848,1.3017583064092848,1.3017583064092848,1.3017583064092848,1.3017583064092848
440,6,244,150,125,107,159,239,0.9709234840322881,4.034367319285148,1.8548909313079638,5.667762078944719,-6.303755192903883,2.3055840137064916,1.3017583064092848,1.3017583064092848,1.3017583064092848,1.3017583064092848,1.3017583064092848,1.3017583064092848
441,1,254,-1.7983555936540674,1.3017583064092848
442,7,274,265,83,182,84,121,91,-2.7364946373848302,6.717507821214076,-4.3726431758815645,-8.007428184698256,2.2036080743810387,-2.916368890678879,3.8750549786523956,1.3017583064092848,1.3017583064092848,1.3017583064092848,1.3017583064092848,1.3017583064092848,1.3017583064092848,1.3017583064092848
443,3,111,215,167,3.145314083015223,4.389942397914119,2.7789392659059953,1.3017583064092848,1.3017583064092848,1.3017583064092848
444,6,111,251,122,95,90,121,-7.348944507925133,-4.087257934692052,-7.01467170073497,4.939076094224168,-4.197080873408033,5.544177540744602,1.3017583064092848,1.3017583064092848,1.3017583064092848,1.3017583064092848,1.3017583064092848,1.3017583064092848
445,2,221,91,6.988508156802892,7.099050106308007,1.3017583064092848,1.3017583064092848
446,5,147,98,275,84,183,-6.522898052574464,-3.9541353876164633,6.362909812658981,-2.7566361118344633,6.995452393999897,1.3017583064092848,1.3017583064092848,1.3017583064092848,1.3017583064092848,1.3017583064092848
447,4,274,83,84,183,-3.0472665436199544,-6.8916285962776636,-2.229512932709092,6.330394190490679,1.3017583064092848,1.3017583064092848,1.3017583064092848,1.3017583064092848
448,12,201,245,244,112,290,95,158,90,224,25,138,113,-6.246201534673476,-3.5090022249507142,5.758505551899186,7.109562050557477,-6.307139361872324,3.430094303829216,4.886957620464721,-6.157381737696632,-2.743895431356286,-6.329367749017486,2.9926792092707397,6.3441492560973725,1.3017583064092848,1.3017583064092848,1.3017583064092848,1.3017583064092848,1.3017583064092848,1.3017583064092848,1.3017583064092848,1.3017583064092848,1.3017583064092848,1.3017583064092848,1.3017583064092848,1.3017583064092848
449,12,147,215,221,95,118,90,233,21,172,84,92,142,1.6248664075707009,-4.261940981544907,2.2644363621974257,7.347718081919765,-0.729545363481732,1.718444942402624,2.452190544173216,-2.114591205202456,2.305145923607132,5.3619895934091755,3.0279117212038194,-5.070540451311944,1.3017583064092848,1.3017583064092848,1.3017583064092848,1.3017583064092848,1.3017583064092848,1.3017583064092848,1.3017583064092848,1.3017583064092848,1.3017583064092848,1.3017583064092848,1.3017583064092848,1.3017583064092848
450,1,238,-1.8359655224814875,1.3017583064092848
451,1,147,2.9786916910757366,1.3017583064092848
452,9,128,125,108,236,299,194,84,183,7,7.388600560512334,5.008110441753379,-2.6149070862640142,-3.8202253225877287,6.4935333848691155,-5.332247004957641,4.5830023401115865,6.838645410191433,6.408137374375831,1.3017583064092848,1.3017583064092848,1.3017583064092848,1.3017583064092848,1.3017583064092848,1.3017583064092848,1.3017583064092848,1.3017583064092848,1.3017583064092848
453,1,251,-4.885798372080991,1.3017583064092848
454,7,112,106,83,95,34,90,84,-6.429334989562615,-2.2017132275050773,6.306578274132007,-4.420202192662759,3.1324833164559642,-0.8999743041367634,6.385389308855842,1.3017583064092848,1.3017583064092848,1.3017583064092848,1.3017583064092848,1.3017583064092848,1.3017583064092848,1.3017583064092848
455,2,98,84,-2.8134800342277604,-2.194416264492131,1.3017583064092848,1.3017583064092848
456,2,111,221,2.1443793690171598,-2.9578837603726216,1.3017583064092848,1.3017583064092848
457,4,214,255,84,183,-1.7986149518514412,3.606376867605176,6.839879648560676,1.303958652626361,1.3017583064092848,1.3017583064092848,1.3017583064092848,1.3017583064092848
458,9,308,135,221,234,207,208,142,138,113,-5.447866080816548,2.8388259559419065,3.63007818685687,2.169705395946168,-1.5911806156670765,3.3513461020852793,-4.722339355306783,3.210862421120382,-4.9674012243462515,1.3017583064092848,1.3017583064092848,1.3017583064092848,1.3017583064092848,1.3017583064092848,1.3017583064092848,1.3017583064092848,1.3017583064092848,1.3017583064092848
459,4,127,95,136,142,-1.270032508090069,-5.845725343430895,-1.884571779569166,-3.664469532561967,1.3017583064092848,1.3017583064092848,1.3017583064092848,1.3017583064092848
460,1,71,7.4666121089214235,1.3017583064092848
461,8,238,112,217,68,84,85,48,91,-3.4108306728390887,-0.9775465269735525,4.965741382434309,-1.3565485597922868,4.555604695615279,-6.043330958465591,3.7104634555449687,-2.8282713633260714,1.3017583064092848,1.3017583064092848,1.3017583064092848,1.3017583064092848,1.3017583064092848,1.3017583064092848,1.3017583064092848,1.3017583064092848
462,9,244,217,269,234,248,284,142,148,279,6.976823937292244,2.435046878279365,-4.779477417274299,-5.562749840260198,-1.1332702091338251,1.7888052552722329,-3.054658107848897,-5.461776220243467,-3.8202261727904405,1.3017583064092848,1.3017583064092848,1.3017583064092848,1.3017583064092848,1.3017583064092848,1.3017583064092848,1.3017583064092848,1.3017583064092848,1.3017583064092848
463,9,245,244,150,213,193,100,106,97,90,-6.716489321006371,5.957278201375292,7.582908693903591,5.929396881216847,-7.901721368879906,-6.471600259670128,5.761913924514995,6.259150592648497,-7.182789878379153,1.3017583064092848,1.3017583064092848,1.3017583064092848,1.3017583064092848,1.3017583064092848,1.3017583064092848,1.3017583064092848,1.3017583064092848,1.3017583064092848
464,12,192,111,157,108,130,215,221,307,177,211,101,279,-7.257984873194711,2.378827459045485,5.531605996281216,5.855302048421576,-7.082739969566383,-6.88170568026367,4.60025318370792,-5.545840953520405,-1.8201986157004144,8.78422070459544,-2.42055047741611,-5.6350567394111115,1.3017583064092848,1.3017583064092848,1.3017583064092848,1.3017583064092848,1.3017583064092848,1.3017583064092848,1.3017583064092848,1.3017583064092848,1.3017583064092848,1.3017583064092848,1.3017583064092848,1.3017583064092848
465,1,98,3.8357167520435396,1.3017583064092848
466,3,95,177,90,2.2318145705792554,6.198997706542435,4.728603703460464,1.3017583064092848,1.3017583064092848,1.3017583064092848
467,6,238,98,106,265,126,142,-1.30710822539723,-5.646668491989131,2.414935457894416,6.749935266969993,3.3787642733701713,2.0695038546966606,1.3017583064092848,1.3017583064092848,1.3017583064092848,1.3017583064092848,1.3017583064092848,1.3017583064092848
468,1,177,4.335273565296545,1.3017583064092848
469,3,230,83,179,4.424453890378573,5.725396030351694,-3.794182182652885,1.3017583064092848,1.3017583064092848,1.3017583064092848
470,3,118,177,90,2.95891749502906,2.4095222717711633,3.0125290045118214,1.3017583064092848,1.3017583064092848,1.3017583064092848
471,1,98,7.292992503874957,1.3017583064092848
472,1,221,1.8739044626410952,1.3017583064092848
473,3,234,207,208,-7.558897038999427,-2.9599901204872547,1.5554828693151075,1.3017583064092848,1.3017583064092848,1.3017583064092848
474,99,55,11,201,15,245,181,241,161,8,227,150,213,53,260,111,281,112,40,52,157,147,93,125,107,108,230,33,115,98,130,99,256,165,217,275,269,270,215,162,106,265,83,14,73,267,182,219,35,5,221,184,13,95,45,118,129,158,146,163,207,177,291,214,114,34,90,167,131,284,103,187,195,123,21,172,84,183,121,92,26,300,44,218,20,305,105,126,19,258,142,155,222,43,228,101,46,148,246,72,-4.342532763564143,3.0952235144655305,5.404630748613568,-5.181527841617373,7.378418241599186,-7.53037214409397,-5.537017059182471,-6.511271270701536,-6.330882355591231,4.191566724133394,5.705922881301391,1.2570953882051255,-6.086459306367183,-7.534439397613211,-1.3048073449213042,6.641282452513564,7.3294536412798825,2.3080619850551876,-4.42962157514889,-7.293065848053774,-7.523022460734729,1.6096442482115627,3.180602499583196,-5.661067630402439,-2.2751654154910264,3.008435115139076,0.8665760686424414,-1.791798413990954,4.69617006867479,-5.340977784314362,-5.311293547601209,6.230960313812025,3.65146822269682,2.644117411082408,-0.8117978814778075,2.169104782006082,2.9204615004842625,-1.9671740349819757,0.844221157189277,1.8196901343856793,5.433403576589496,5.173989198303941,7.34866143519606,-6.371684807936811,4.734723461803248,-1.6783728375583422,-4.70854839840737,-1.138706519265937,-3.7623230405266375,3.4736940596979586,3.740504521454509,-2.68912580122245,-5.573581546598948,6.675587787981221,6.161027406308478,5.160964387020349,4.5257710052219124,0.9219422238198713,5.837183411473391,-4.572931616474355,2.62458243523552,3.0302559230727035,7.348115434216692,5.136881221568587,4.082220798214112,-5.112438179979094,-3.6405337796622734,-4.041510914605699,-2.763604589635826,-3.8260389851019614,5.571889148824598,-0.9848719988425783,6.3493704233945,2.711530685373845,-5.550345211548158,-5.267341494028705,5.337695387286785,5.021551673915915,7.515035829670485,4.312631735867785,5.903859894599768,-5.712963739345345,2.379665935020919,-2.7138488690687894,-3.7135308187906446,2.6740075289534495,3.306628175500581,-3.4786813060613855,4.991255597615662,2.263311879320757,6.415189691054306,3.809578277320184,-5.718610250323511,1.2797123491781819,-4.039970099025021,-0.9015903575255729,5.503101752180832,-3.1429902659091122,-7.44506352218808,1.3017583064092848,1.3017583064092848,1.3017583064092848,1.3017583064092848,1.3017583064092848,1.3017583064092848,1.3017583064092848,1.3017583064092848,1.3017583064092848,1.3017583064092848,1.3017583064092848,1.3017583064092848,1.3017583064092848,1.3017583064092848,1.3017583064092848,1.3017583064092848,1.3017583064092848,1.3017583064092848,1.3017583064092848,1.3017583064092848,1.3017583064092848,1.3017583064092848,1.3017583064092848,1.3017583064092848,1.3017583064092848,1.3017583064092848,1.3017583064092848,1.3017583064092848,1.3017583064092848,1.3017583064092848,1.3017583064092848,1.3017583064092848,1.3017583064092848,1.3017583064092848,1.3017583064092848,1.3017583064092848,1.3017583064092848,1.3017583064092848,1.3017583064092848,1.3017583064092848,1.3017583064092848,1.3017583064092848,1.3017583064092848,1.3017583064092848,1.3017583064092848,1.3017583064092848,1.3017583064092848,1.3017583064092848,1.3017583064092848,1.3017583064092848,1.3017583064092848,1.3017583064092848,1.3017583064092848,1.3017583064092848,1.3017583064092848,1.3017583064092848,1.3017583064092848,1.3017583064092848,1.3017583064092848,1.3017583064092848,1.3017583064092848,1.3017583064092848,1.3017583064092848,1.3017583064092848,1.3017583064092848,1.3017583064092848,1.3017583064092848,1.3017583064092848,1.3017583064092848,1.3017583064092848,1.3017583064092848,1.3017583064092848,1.3017583064092848,1.3017583064092848,1.3017583064092848,1.3017583064092848,1.3017583064092848,1.3017583064092848,1.3017583064092848,1.3017583064092848,1.3017583064092848,1.3017583064092848,1.3017583064092848,1.3017583064092848,1.3017583064092848,1.3017583064092848,1.3017583064092848,1.3017583064092848,1.3017583064092848,1.3017583064092848,1.3017583064092848,1.3017583064092848,1.3017583064092848,1.3017583064092848,1.3017583064092848,1.3017583064092848,1.3017583064092848,1.3017583064092848,1.3017583064092848
475,1,98,6.849558231297684,1.3017583064092848
476,1,221,3.513863210785586,1.3017583064092848
477,12,196,281,3,147,221,257,116,21,84,142,22,279,-2.8673450044807365,4.386216973100317,-4.571987387709335,5.393345552796269,3.75960495227923,-2.248728128251352,-6.85957703352738,-3.1592651658086113,-7.2581486530583055,2.174244931186525,4.6800285347128145,-4.513482324964165,1.3017583064092848,1.3017583064092848,1.3017583064092848,1.3017583064092848,1.3017583064092848,1.3017583064092848,1.3017583064092848,1.3017583064092848,1.3017583064092848,1.3017583064092848,1.3017583064092848,1.3017583064092848
478,24,201,161,213,112,147,98,100,106,265,87,95,194,163,177,90,84,121,92,126,142,228,101,140,91,4.278459818116003,-0.9466187836780897,4.1865759902169115,2.545459002031705,3.101573629881563,-5.254772720790623,-4.190837701846311,1.3485221161116154,1.2067366664902908,1.9981040157075962,-2.034837859439051,5.9395300467531165,-1.9429888084302078,-6.889402461554161,2.167478067664474,-1.3338581847998348,6.8474267073941295,2.768765717870724,-3.6829572456760777,7.432646547365199,-7.329649119370646,-5.717263636867573,1.177909214182809,4.8629310217284845,1.3017583064092848,1.3017583064092848,1.3017583064092848,1.3017583064092848,1.3017583064092848,1.3017583064092848,1.3017583064092848,1.3017583064092848,1.3017583064092848,1.3017583064092848,1.3017583064092848,1.3017583064092848,1.3017583064092848,1.3017583064092848,1.3017583064092848,1.3017583064092848,1.3017583064092848,1.3017583064092848,1.3017583064092848,1.3017583064092848,1.3017583064092848,1.3017583064092848,1.3017583064092848,1.3017583064092848
479,5,156,225,226,239,237,1.2704246234793408,-4.009665992260393,1.7261194857274473,-4.264446214323619,-1.626487136283594,1.3017583064092848,1.3017583064092848,1.3017583064092848,1.3017583064092848,1.3017583064092848
480,1,221,1.2436167169281072,1.3017583064092848
481,1,281,-2.138404801913869,1.3017583064092848
482,8,37,111,147,84,32,142,10,140,-1.691452459611006,-4.20705895645982,-5.331922788385368,1.3216099075217635,3.8343180147243703,-4.830569489508912,2.365159266151588,-3.344532858661332,1.3017583064092848,1.3017583064092848,1.3017583064092848,1.3017583064092848,1.3017583064092848,1.3017583064092848,1.3017583064092848,1.3017583064092848
483,4,125,274,83,84,-3.7069185842737684,-1.2742979960929133,-2.999929679064851,-2.389944699838296,1.3017583064092848,1.3017583064092848,1.3017583064092848,1.3017583064092848
484,13,229,193,80,106,83,219,87,95,276,90,121,242,91,1.377691308900612,3.9208032008343467,-3.1142340322012645,-1.9824264203182016,5.78863111708942,-3.238229661595123,6.7531929088574945,2.413125127519564,-4.526116928269291,-2.0093204411982297,4.219963971387162,1.7843019537730587,-1.8490389005459773,1.3017583064092848,1.3017583064092848,1.3017583064092848,1.3017583064092848,1.3017583064092848,1.3017583064092848,1.3017583064092848,1.3017583064092848,1.3017583064092848,1.3017583064092848,1.3017583064092848,1.3017583064092848,1.3017583064092848
485,1,128,3.9178179649847324,1.3017583064092848
486,4,111,281,141,114,-1.2750914569468939,5.60832154454128,-2.619847889064285,1.9976989906411224,1.3017583064092848,1.3017583064092848,1.3017583064092848,1.3017583064092848
487,3,244,95,84,5.957574450014927,5.055906176900038,-3.841791585325443,1.3017583064092848,1.3017583064092848,1.3017583064092848
488,1,147,-5.2506437737147245,1.3017583064092848
489,4,29,177,84,183,5.112921627360402,-1.4770381806409496,3.259167965662788,-2.732565205286394,1.3017583064092848,1.3017583064092848,1.3017583064092848,1.3017583064092848
490,5,311,98,95,34,90,-5.837364236143438,1.602642846371021,-7.009718269265789,4.743620527003493,-2.4555642590667146,1.3017583064092848,1.3017583064092848,1.3017583064092848,1.3017583064092848,1.3017583064092848
491,3,135,184,142,-5.798716383436704,7.447551719700929,-5.454275695743993,1.3017583064092848,1.3017583064092848,1.3017583064092848
492,5,308,177,84,85,142,-3.6917236432617875,-6.252313151783119,6.397091178156871,-2.6423844656514692,8.484804321412307,1.3017583064092848,1.3017583064092848,1.3017583064092848,1.3017583064092848,1.3017583064092848
493,2,136,84,8.141901934989809,5.1282046029611585,1.3017583064092848,1.3017583064092848
494,6,244,202,171,217,153,255,1.4640097004701962,-5.977080216751049,-2.5582580216265076,5.344737827926542,-8.119327719615935,1.8829765660342515,1.3017583064092848,1.3017583064092848,1.3017583064092848,1.3017583064092848,1.3017583064092848,1.3017583064092848
495,23,289,244,150,127,156,230,197,16,99,215,122,135,95,254,158,194,34,90,84,121,92,179,228,3.4921601227097976,-5.298554888608618,-3.682565854398184,-1.9431046225321391,0.9076439668301066,3.5897780041321488,5.313404970419474,-4.778970883869486,-1.811119496702454,3.9030526913573897,3.326008853684192,2.6491735786236883,5.882206316195065,2.9010251591524603,-4.538538863516647,-7.2601387307585625,4.532386586408488,5.084738978418742,1.2214804192267394,-1.9666574479444177,1.4183118716814203,-6.134712055298641,-6.639899181900546,1.3017583064092848,1.3017583064092848,1.3017583064092848,1.3017583064092848,1.3017583064092848,1.3017583064092848,1.3017583064092848,1.3017583064092848,1.3017583064092848,1.3017583064092848,1.3017583064092848,1.3017583064092848,1.3017583064092848,1.3017583064092848,1.3017583064092848,1.3017583064092848,1.3017583064092848,1.3017583064092848,1.3017583064092848,1.3017583064092848,1.3017583064092848,1.3017583064092848,1.3017583064092848
496,10,128,29,286,2,118,280,103,187,142,228,5.759510205326837,5.872277570173311,-7.20403450717349,-4.385356363815537,-2.9860681125009956,6.581781520707952,-6.177320060278854,4.255592982518195,6.156341163156129,2.604224879977529,1.3017583064092848,1.3017583064092848,1.3017583064092848,1.3017583064092848,1.3017583064092848,1.3017583064092848,1.3017583064092848,1.3017583064092848,1.3017583064092848,1.3017583064092848
497,1,177,-7.003066150292924,1.3017583064092848
498,16,161,293,147,270,162,14,182,38,184,257,211,84,92,142,228,246,3.3707018478462976,9.119915483305261,-1.7500193335019196,4.300725414894214,4.025617875426862,6.248636025106492,7.016105201763102,5.779925331122075,-5.053289470850295,3.6645105662347324,4.241906276589734,-4.234762698176069,-0.8292344022480383,-4.191198537282776,6.649406329850096,-5.627627780023181,1.3017583064092848,1.3017583064092848,1.3017583064092848,1.3017583064092848,1.3017583064092848,1.3017583064092848,1.3017583064092848,1.3017583064092848,1.3017583064092848,1.3017583064092848,1.3017583064092848,1.3017583064092848,1.3017583064092848,1.3017583064092848,1.3017583064092848,1.3017583064092848
499,2,128,228,0.7903567657019893,5.738802936738364,1.3017583064092848,1.3017583064092848
500,1,177,3.654287138400906,1.3017583064092848
501,1,251,4.522116452390885,1.3017583064092848
502,1,167,-3.813062494028689,1.3017583064092848
503,5,81,127,231,38,167,-4.068523611124667,4.827900513789656,-0.7460383325949095,7.149822802401352,1.2061447403453114,1.3017583064092848,1.3017583064092848,1.3017583064092848,1.3017583064092848,1.3017583064092848
504,2,108,120,1.9223814272421391,4.674314686096538,1.3017583064092848,1.3017583064092848
505,1,221,6.811013824384472,1.3017583064092848
506,4,161,147,121,92,5.7754231641532705,-2.2768118899845495,0.7735852605709371,3.293980087933412,1.3017583064092848,1.3017583064092848,1.3017583064092848,1.3017583064092848
507,34,229,201,245,128,58,227,150,81,127,213,169,154,112,190,157,193,98,99,270,106,265,83,78,95,194,177,90,84,121,92,237,126,10,133,5.673835939978838,-7.70826043612084,-2.7734044176096737,-6.252924080851773,4.6082662041062905,-5.004133140786587,-7.639115650112672,-5.301564647397787,7.0260615594235,5.807039007525749,-1.5923661292988092,5.621603942246759,-4.106455646317071,-7.166801622436216,-6.378168565153371,1.4285909518995696,1.638357856381864,1.1854178753829374,-4.169350494049549,-1.2640304467748167,5.792445263137244,4.585727297025955,7.8700089815421,-2.665887879198943,-4.351752454168181,1.5225885717225704,6.925993070445144,-1.9277770128457912,-1.4161065149860297,-2.139408234357427,6.373921531208035,-1.4404231728841932,-5.022919568679958,-5.950948472406072,1.3017583064092848,1.3017583064092848,1.3017583064092848,1.3017583064092848,1.3017583064092848,1.3017583064092848,1.3017583064092848,1.3017583064092848,1.3017583064092848,1.3017583064092848,1.3017583064092848,1.3017583064092848,1.3017583064092848,1.3017583064092848,1.3017583064092848,1.3017583064092848,1.3017583064092848,1.3017583064092848,1.3017583064092848,1.3017583064092848,1.3017583064092848,1.3017583064092848,1.3017583064092848,1.3017583064092848,1.3017583064092848,1.3017583064092848,1.3017583064092848,1.3017583064092848,1.3017583064092848,1.3017583064092848,1.3017583064092848,1.3017583064092848,1.3017583064092848,1.3017583064092848
508,2,221,142,6.901551762229637,-4.986567337339535,1.3017583064092848,1.3017583064092848
509,5,192,231,98,61,242,1.954746833848818,-4.655886935705239,-2.518296419533222,-7.636515717375238,0.9338283952165797,1.3017583064092848,1.3017583064092848,1.3017583064092848,1.3017583064092848,1.3017583064092848
510,2,205,228,-1.3112222135594456,-1.7891893797854386,1.3017583064092848,1.3017583064092848
511,5,95,90,103,187,84,-6.634064104528815,4.361812509626296,6.185245189365006,-6.049854020507816,6.3593803662124655,1.3017583064092848,1.3017583064092848,1.3017583064092848,1.3017583064092848,1.3017583064092848
512,2,98,84,0.7451339539259847,-2.1956134170894086,1.3017583064092848,1.3017583064092848
513,2,287,177,1.9347561633094914,1.8587373723559828,1.3017583064092848,1.3017583064092848
514,2,138,113,-6.712794451012206,-1.2030423426367216,1.3017583064092848,1.3017583064092848
515,6,289,189,275,106,221,84,-1.0393851883512693,3.795160201321784,8.488467877178802,2.5421725523056278,7.120173386475418,6.638995417947117,1.3017583064092848,1.3017583064092848,1.3017583064092848,1.3017583064092848,1.3017583064092848,1.3017583064092848
516,2,103,187,7.0361589111714204,-5.042790016513068,1.3017583064092848,1.3017583064092848
517,1,244,6.49483736462426,1.3017583064092848
518,2,198,108,6.335531054309734,-6.0787527290006445,1.3017583064092848,1.3017583064092848
519,1,221,7.793205895489383,1.3017583064092848
520,1,71,-6.4338824036104585,1.3017583064092848
521,5,212,127,96,71,49,6.411373161390011,-2.0697505014486755,0.9388712140872875,-3.3581165624060993,7.619283041598519,1.3017583064092848,1.3017583064092848,1.3017583064092848,1.3017583064092848,1.3017583064092848
522,1,128,5.074038083826495,1.3017583064092848
523,2,111,281,-1.4002659122416543,-7.293739034172427,1.3017583064092848,1.3017583064092848
524,3,189,221,91,1.7433093765163405,6.895585486525037,2.5756236382366495,1.3017583064092848,1.3017583064092848,1.3017583064092848
525,14,244,150,157,125,107,197,235,99,83,136,96,233,239,91,-1.3003325192015653,-1.1648664902241512,1.2333854874076164,4.89199296568129,6.452753528166948,-3.5639503218453115,3.8614368207428313,4.887694438353362,4.48808739990905,5.589433695409251,4.052902589976886,-5.772722131513872,7.7864906684940625,-3.1897929884440734,1.3017583064092848,1.3017583064092848,1.3017583064092848,1.3017583064092848,1.3017583064092848,1.3017583064092848,1.3017583064092848,1.3017583064092848,1.3017583064092848,1.3017583064092848,1.3017583064092848,1.3017583064092848,1.3017583064092848,1.3017583064092848
526,3,128,302,254,6.524930458776794,0.7228525233785028,5.103597510034404,1.3017583064092848,1.3017583064092848,1.3017583064092848
527,2,217,254,7.342079206530323,6.2984492980802465,1.3017583064092848,1.3017583064092848
528,1,147,3.5212662055772044,1.3017583064092848
529,5,169,194,255,168,228,6.267191084430924,5.273056672701761,-4.870376664529104,1.0701966457470764,2.038780852335568,1.3017583064092848,1.3017583064092848,1.3017583064092848,1.3017583064092848,1.3017583064092848
530,4,251,122,239,237,-6.588494891393606,-7.152112526433958,-1.6819700132227715,-7.287974532642503,1.3017583064092848,1.3017583064092848,1.3017583064092848,1.3017583064092848
531,1,205,1.2006298192429663,1.3017583064092848
532,3,147,202,19,0.8306274336685674,-0.8783457863844158,-4.333420023333411,1.3017583064092848,1.3017583064092848,1.3017583064092848
533,5,161,197,216,221,84,4.543544832832557,-2.2674452579340945,6.748149943273819,7.138585052581956,-5.888338757562753,1.3017583064092848,1.3017583064092848,1.3017583064092848,1.3017583064092848,1.3017583064092848
534,7,192,243,141,215,14,221,142,-1.1786400786422693,-5.324985879318633,-1.2708006123048563,-6.994011490217072,-5.576199117793848,-7.415411584114993,-2.9112465919662434,1.3017583064092848,1.3017583064092848,1.3017583064092848,1.3017583064092848,1.3017583064092848,1.3017583064092848,1.3017583064092848
535,4,212,77,221,184,4.550665291219406,-5.386284609617141,7.655042740014855,-5.991843187664978,1.3017583064092848,1.3017583064092848,1.3017583064092848,1.3017583064092848
536,2,99,177,-5.10354964671505,-1.5232601416907972,1.3017583064092848,1.3017583064092848
537,4,244,150,93,84,3.0935469648889504,1.4707118378375013,-4.129435488645988,1.7871880290676438,1.3017583064092848,1.3017583064092848,1.3017583064092848,1.3017583064092848
538,3,147,93,261,1.906715350175281,-5.841878946915144,2.0881973899117985,1.3017583064092848,1.3017583064092848,1.3017583064092848
539,10,191,147,2,95,194,177,90,57,123,84,-4.373831130682045,2.9511315115901446,2.2814852400523,4.018709734841298,6.628967486163484,7.145200607866427,2.832349384588593,2.1308627448234008,5.770108295789768,-4.7966493635186085,1.3017583064092848,1.3017583064092848,1.3017583064092848,1.3017583064092848,1.3017583064092848,1.3017583064092848,1.3017583064092848,1.3017583064092848,1.3017583064092848,1.3017583064092848
540,2,109,177,-1.982343842969062,-6.075765515537871,1.3017583064092848,1.3017583064092848
541,1,136,1.8165905547487613,1.3017583064092848
542,2,156,225,6.792184878380195,5.808909243774776,1.3017583064092848,1.3017583064092848
543,4,150,147,208,84,0.8390939633063997,-2.6415775295337154,-4.028406463893739,4.932144933364954,1.3017583064092848,1.3017583064092848,1.3017583064092848,1.3017583064092848
544,4,244,189,84,92,2.162054671706587,-3.2424774235498535,1.0415798052637666,5.803594893757277,1.3017583064092848,1.3017583064092848,1.3017583064092848,1.3017583064092848
545,6,244,150,274,265,83,114,2.419756932211574,5.94501218201717,-4.308847535745071,-0.7663762453370382,0.6865293168993662,4.955765579859404,1.3017583064092848,1.3017583064092848,1.3017583064092848,1.3017583064092848,1.3017583064092848,1.3017583064092848
546,2,189,221,2.6142148849710614,4.618250644722359,1.3017583064092848,1.3017583064092848
547,8,192,161,147,93,184,142,10,133,-3.3955966692194606,-2.0278418543562173,1.6822688723450265,2.3838790821511515,0.9130468889166096,2.890190326504557,7.109034400647793,6.607510124406116,1.3017583064092848,1.3017583064092848,1.3017583064092848,1.3017583064092848,1.3017583064092848,1.3017583064092848,1.3017583064092848,1.3017583064092848
548,3,249,135,234,-6.588863770461217,-2.3798259582838734,-2.806787338098234,1.3017583064092848,1.3017583064092848,1.3017583064092848
549,6,243,95,90,84,32,91,-3.4349153075025405,6.787740525634696,-7.02456721547002,1.447905854924867,3.8695829275120235,3.3364210177377345,1.3017583064092848,1.3017583064092848,1.3017583064092848,1.3017583064092848,1.3017583064092848,1.3017583064092848
550,3,161,136,226,5.053553873485431,5.100908007243569,-5.034167652084069,1.3017583064092848,1.3017583064092848,1.3017583064092848
551,9,201,290,2,224,206,84,183,138,113,3.07594755718975,-1.7595166221143144,-4.850578010021026,-1.020390751029249,-6.558776451230618,-3.6914685400777856,3.647722808805406,3.025487527754938,-7.587871436689481,1.3017583064092848,1.3017583064092848,1.3017583064092848,1.3017583064092848,1.3017583064092848,1.3017583064092848,1.3017583064092848,1.3017583064092848,1.3017583064092848
552,1,147,-7.135056070751156,1.3017583064092848
553,1,128,2.680533919105571,1.3017583064092848
554,7,244,106,95,90,84,239,101,6.124887199114852,0.9550854431685518,-4.0783818425997,5.168871280276107,4.357432602598174,-2.3092178592532235,6.362366879766074,1.3017583064092848,1.3017583064092848,1.3017583064092848,1.3017583064092848,1.3017583064092848,1.3017583064092848,1.3017583064092848
555,8,127,225,95,136,90,84,218,91,6.842585359741316,-2.691789892591266,-6.212988314129056,-1.497512978791379,-2.7499458260162157,-4.492203238982286,4.430409520772946,6.742986090035777,1.3017583064092848,1.3017583064092848,1.3017583064092848,1.3017583064092848,1.3017583064092848,1.3017583064092848,1.3017583064092848,1.3017583064092848
556,3,234,207,208,0.7082671268081968,3.9890527483006135,5.16372440751324,1.3017583064092848,1.3017583064092848,1.3017583064092848
557,2,221,142,3.9719814858779707,-1.629273046656666,1.3017583064092848,1.3017583064092848
558,1,87,3.524956196920362,1.3017583064092848
559,1,108,-3.6257093354921195,1.3017583064092848
560,2,207,208,2.03473111376722,6.0742824303753205,1.3017583064092848,1.3017583064092848
561,6,213,157,98,87,239,237,2.8616293719479926,5.600442004747371,-4.185405383568598,-6.649291079666053,1.5034101127881216,-1.4506038714562353,1.3017583064092848,1.3017583064092848,1.3017583064092848,1.3017583064092848,1.3017583064092848,1.3017583064092848
562,4,245,244,84,85,6.512990411920286,2.5991647569752647,1.1596121569884763,-3.2393163706787362,1.3017583064092848,1.3017583064092848,1.3017583064092848,1.3017583064092848
563,9,231,157,98,106,61,95,90,84,142,6.584696015602048,-5.771589212139912,-4.554478078587057,-5.708096035049253,6.469307099959108,2.3102973133030975,-4.5050343390002325,-6.030083978912891,-2.8843421160224474,1.3017583064092848,1.3017583064092848,1.3017583064092848,1.3017583064092848,1.3017583064092848,1.3017583064092848,1.3017583064092848,1.3017583064092848,1.3017583064092848
564,3,227,221,199,-1.0749743526011444,-7.626334899469517,4.149409601951599,1.3017583064092848,1.3017583064092848,1.3017583064092848
565,1,177,2.4932185028571308,1.3017583064092848
566,16,245,128,127,112,125,193,308,189,106,95,136,214,90,205,84,120,-5.856894091829527,2.7170619223956773,1.201897024612038,5.5554378608893735,0.7126912729499193,-5.501954517074441,-2.4799033604866803,6.0017961386278245,6.169788485905959,5.845518686026774,-0.8750473326648471,5.700795794328418,7.735586073707647,-2.424834809185897,-2.649430547599351,6.480797423354466,1.3017583064092848,1.3017583064092848,1.3017583064092848,1.3017583064092848,1.3017583064092848,1.3017583064092848,1.3017583064092848,1.3017583064092848,1.3017583064092848,1.3017583064092848,1.3017583064092848,1.3017583064092848,1.3017583064092848,1.3017583064092848,1.3017583064092848,1.3017583064092848
567,3,245,177,84,7.4100865693834965,-1.8929354109998084,6.019517781546405,1.3017583064092848,1.3017583064092848,1.3017583064092848
568,4,98,219,177,23,-4.119096494224186,1.4576094410195863,5.4410054718011045,6.2306000218469535,1.3017583064092848,1.3017583064092848,1.3017583064092848,1.3017583064092848
569,2,109,177,-5.475434947328343,-6.164898794658476,1.3017583064092848,1.3017583064092848
570,3,212,71,49,4.045232302463021,-6.768934968691256,5.940410512061697,1.3017583064092848,1.3017583064092848,1.3017583064092848
571,2,104,135,-6.154623762305579,1.8728134430987993,1.3017583064092848,1.3017583064092848
572,4,227,127,95,32,-7.382039972178536,3.6562694250169834,1.9231083966322278,3.525772634447743,1.3017583064092848,1.3017583064092848,1.3017583064092848,1.3017583064092848
573,3,128,249,84,4.939444810353907,6.284825131428326,-2.768058280507925,1.3017583064092848,1.3017583064092848,1.3017583064092848
574,5,147,189,95,90,206,-1.4568853533949133,-7.615593883089145,6.840370853435016,2.8583492209352905,5.49784957610646,1.3017583064092848,1.3017583064092848,1.3017583064092848,1.3017583064092848,1.3017583064092848
575,2,138,113,2.7384898855894453,1.6675107642907285,1.3017583064092848,1.3017583064092848
576,8,128,29,161,111,98,236,242,91,-4.433982505609686,3.731107707412663,-4.1799077810596215,-2.1488430068047233,-7.097730959855301,-5.0448369800983235,8.166518767474093,1.422945749265512,1.3017583064092848,1.3017583064092848,1.3017583064092848,1.3017583064092848,1.3017583064092848,1.3017583064092848,1.3017583064092848,1.3017583064092848
577,2,205,84,-3.269312829067981,1.8703139081898583,1.3017583064092848,1.3017583064092848
578,11,230,135,95,136,34,90,255,233,121,92,178,3.0120354809033802,3.700818241789495,-2.878903184788885,-2.5081355520543354,5.065621852197362,-1.0285660850728897,2.976529164064491,6.39042332810105,1.8612064148654197,2.1668134514975055,-2.029452410091429,1.3017583064092848,1.3017583064092848,1.3017583064092848,1.3017583064092848,1.3017583064092848,1.3017583064092848,1.3017583064092848,1.3017583064092848,1.3017583064092848,1.3017583064092848,1.3017583064092848
579,5,125,197,136,96,183,-2.80216148065355,-4.6100367459291025,6.466348488860608,6.179969122194378,-1.542205178867132,1.3017583064092848,1.3017583064092848,1.3017583064092848,1.3017583064092848,1.3017583064092848
580,1,167,4.781195156754484,1.3017583064092848
581,1,136,1.8070980515838944,1.3017583064092848
582,2,136,84,-7.211897191754402,3.932009523335477,1.3017583064092848,1.3017583064092848
583,1,128,3.603408158961712,1.3017583064092848
584,5,231,260,108,98,221,-6.279436477827479,-3.6235702296078403,-6.72125868696558,2.5708128111067223,-1.7687288486103658,1.3017583064092848,1.3017583064092848,1.3017583064092848,1.3017583064092848,1.3017583064092848
585,29,128,150,243,311,112,145,157,198,107,193,294,98,130,80,270,106,288,17,95,276,74,90,39,92,237,228,242,188,246,-1.6978326157427457,-1.4799876776609113,-1.6280945772175672,-1.241742818715513,-6.857908969636335,-7.3474554770325025,1.023386935335573,-6.050705971659816,5.889213875283338,-7.719438491896423,3.1463812848423283,2.7069876755789823,3.887689891910582,6.7306585014829166,-5.828914395138795,-4.018332664536781,-2.4184855247536183,5.817796672769617,-6.71622633616459,3.513335366193369,6.463228250435992,-3.5151728652091028,-4.066735296451626,-4.3937840683069105,6.1610025982090635,-7.582723940459129,3.8262781895407922,-3.10723673484698,3.327604063293043,1.3017583064092848,1.3017583064092848,1.3017583064092848,1.3017583064092848,1.3017583064092848,1.3017583064092848,1.3017583064092848,1.3017583064092848,1.3017583064092848,1.3017583064092848,1.3017583064092848,1.3017583064092848,1.3017583064092848,1.3017583064092848,1.3017583064092848,1.3017583064092848,1.3017583064092848,1.3017583064092848,1.3017583064092848,1.3017583064092848,1.3017583064092848,1.3017583064092848,1.3017583064092848,1.3017583064092848,1.3017583064092848,1.3017583064092848,1.3017583064092848,1.3017583064092848,1.3017583064092848
586,10,191,192,161,147,182,95,214,90,10,228,1.1561453208731234,2.9806095429112993,6.182923802354076,-2.4511545970760107,-4.819609953634759,-3.4833627589417637,2.842656061795669,8.30763263509439,-3.0261767169087546,-2.2963428022400008,1.3017583064092848,1.3017583064092848,1.3017583064092848,1.3017583064092848,1.3017583064092848,1.3017583064092848,1.3017583064092848,1.3017583064092848,1.3017583064092848,1.3017583064092848
587,1,216,6.236487924848952,1.3017583064092848
588,1,88,-2.7324563114350027,1.3017583064092848
589,6,201,125,69,221,184,131,0.9152245203784385,-3.6703537762886174,5.79673692082177,-6.553918391932867,-1.418992686350519,2.000629884709306,1.3017583064092848,1.3017583064092848,1.3017583064092848,1.3017583064092848,1.3017583064092848,1.3017583064092848
590,2,244,84,4.9302721749654825,3.2923367011694418,1.3017583064092848,1.3017583064092848
591,2,147,261,7.7305723817631575,1.1644291051922608,1.3017583064092848,1.3017583064092848
592,11,245,243,160,235,98,106,267,95,90,84,183,-4.1948379338107875,-5.032605525794255,7.131642903611628,4.234401329083882,-3.752854190798352,-2.5935218531700195,5.292936024290182,4.669861391937792,2.187254675944983,-5.646469544540608,5.1900128387819295,1.3017583064092848,1.3017583064092848,1.3017583064092848,1.3017583064092848,1.3017583064092848,1.3017583064092848,1.3017583064092848,1.3017583064092848,1.3017583064092848,1.3017583064092848,1.3017583064092848
593,2,161,221,-0.7441447716854397,1.2339310629080087,1.3017583064092848,1.3017583064092848
594,2,225,136,-3.760369341371241,-1.2831040543612888,1.3017583064092848,1.3017583064092848
595,5,244,150,95,90,92,6.175593228598204,2.7896854870061354,-7.509021732655236,6.951861727388328,-4.6848257758705785,1.3017583064092848,1.3017583064092848,1.3017583064092848,1.3017583064092848,1.3017583064092848
596,35,201,231,147,108,171,249,197,170,98,130,100,189,182,219,290,87,95,158,114,90,94,131,123,224,206,92,105,126,138,113,228,101,140,200,64,-5.564494736767653,-4.189991614272098,-0.8206446729196115,-2.6493683844707965,7.488609816101177,-2.944927045391756,1.9902465733490418,-2.033420506454798,-4.105671516931838,-6.687699335987992,-6.0863220616790095,-3.8047163239749198,2.1840033084653894,1.0283726230755963,3.9878581232472916,-6.489669504849149,5.885124484207081,3.604005628878337,4.926165034526209,3.8004146496042406,-4.8147199865126575,-4.377716563340755,5.539026383165673,-4.308118116250712,7.383667813916145,3.7420275270701873,-0.8141821701339875,-2.3804187136643367,4.257662120831509,-4.541593081275088,4.625517995328085,-5.777634270790507,2.652340336987981,-5.424907496129273,-5.702896261945134,1.3017583064092848,1.3017583064092848,1.3017583064092848,1.3017583064092848,1.3017583064092848,1.3017583064092848,1.3017583064092848,1.3017583064092848,1.3017583064092848,1.3017583064092848,1.3017583064092848,1.3017583064092848,1.3017583064092848,1.3017583064092848,1.3017583064092848,1.3017583064092848,1.3017583064092848,1.3017583064092848,1.3017583064092848,1.3017583064092848,1.3017583064092848,1.3017583064092848,1.3017583064092848,1.3017583064092848,1.3017583064092848,1.3017583064092848,1.3017583064092848,1.3017583064092848,1.3017583064092848,1.3017583064092848,1.3017583064092848,1.3017583064092848,1.3017583064092848,1.3017583064092848,1.3017583064092848
597,2,201,205,1.7256621521621702,-1.6585525100400649,1.3017583064092848,1.3017583064092848
598,27,245,238,124,127,107,108,100,189,66,106,182,135,95,257,210,90,205,84,183,120,92,126,19,142,138,113,140,2.6543548109680875,-3.749465463700237,3.506248713793887,-2.8428368012899234,-1.680811347136779,5.3610507839626615,-1.6716097543890203,6.210101398003517,-2.133995714948023,5.897126197962733,6.424384606904785,1.5914825066357705,1.3173895071687212,7.4473366507771015,3.990817053534782,5.178607675513946,0.8663585299430704,2.681199051182113,4.291698293726546,6.997235444768132,-2.6295439769757625,6.208445107897778,-5.405791079941774,-1.520045125080299,2.7853863645363908,2.3910079656280647,-3.8450384343534942,1.3017583064092848,1.3017583064092848,1.3017583064092848,1.3017583064092848,1.3017583064092848,1.3017583064092848,1.3017583064092848,1.3017583064092848,1.3017583064092848,1.3017583064092848,1.3017583064092848,1.3017583064092848,1.3017583064092848,1.3017583064092848,1.3017583064092848,1.3017583064092848,1.3017583064092848,1.3017583064092848,1.3017583064092848,1.3017583064092848,1.3017583064092848,1.3017583064092848,1.3017583064092848,1.3017583064092848,1.3017583064092848,1.3017583064092848,1.3017583064092848
599,7,98,189,275,95,90,84,92,-4.784661277987957,4.824747115289504,3.019884559853021,6.593988151721532,-6.494981083611671,1.4290861808362012,-6.527914893308079,1.3017583064092848,1.3017583064092848,1.3017583064092848,1.3017583064092848,1.3017583064092848,1.3017583064092848,1.3017583064092848
600,2,100,136,2.980656644316419,3.555475492805937,1.3017583064092848,1.3017583064092848
601,2,136,214,4.371847209739911,2.0162020817459934,1.3017583064092848,1.3017583064092848
602,1,177,6.330673103555166,1.3017583064092848
603,2,217,254,2.7506981897368936,1.97910679739551,1.3017583064092848,1.3017583064092848
604,9,245,98,100,217,106,153,103,187,84,5.559748366832692,-6.780436846759594,1.5276652302598375,5.41518881153262,2.1863689083757305,1.5199508504730668,3.9117461644013254,3.369546707269857,7.208418488269848,1.3017583064092848,1.3017583064092848,1.3017583064092848,1.3017583064092848,1.3017583064092848,1.3017583064092848,1.3017583064092848,1.3017583064092848,1.3017583064092848
605,1,135,-3.5992017617694323,1.3017583064092848
606,1,221,-3.469520576124365,1.3017583064092848
607,1,156,-1.8445545398697678,1.3017583064092848
608,1,167,-2.6602542636988216,1.3017583064092848
609,8,269,270,95,163,90,167,84,142,7.599786552679049,4.451056357482569,2.8587940165166663,2.0451394431906595,3.7917647255265057,6.332889679534935,-2.5036761300718746,5.5637795899202915,1.3017583064092848,1.3017583064092848,1.3017583064092848,1.3017583064092848,1.3017583064092848,1.3017583064092848,1.3017583064092848,1.3017583064092848
610,3,125,207,208,2.077316621861037,-3.1835252702281265,-5.665486644418262,1.3017583064092848,1.3017583064092848,1.3017583064092848
611,4,201,111,98,84,-5.18878763471675,2.0357598646591093,6.799193186846751,1.0801365327713537,1.3017583064092848,1.3017583064092848,1.3017583064092848,1.3017583064092848
612,5,127,196,106,71,105,7.386516025599982,4.300122043216905,-6.136793985868853,4.734619316686267,7.193357258086884,1.3017583064092848,1.3017583064092848,1.3017583064092848,1.3017583064092848,1.3017583064092848
613,2,225,136,-7.33496414323092,2.652508432657779,1.3017583064092848,1.3017583064092848
614,3,253,307,255,-2.2994088512235202,-3.6977878699729674,-5.473594898436665,1.3017583064092848,1.3017583064092848,1.3017583064092848
615,14,238,127,215,251,252,106,83,68,95,276,34,90,84,239,-2.380950306484767,2.325047811056932,0.750510426691208,3.2624004068481383,-2.8994038291499558,-0.902922355536432,-5.006370981685388,6.030409383683399,-1.1786147282458737,-2.8909963971057713,6.755826708269269,-4.7347019021009595,3.5511697422167887,-3.9206208789135166,1.3017583064092848,1.3017583064092848,1.3017583064092848,1.3017583064092848,1.3017583064092848,1.3017583064092848,1.3017583064092848,1.3017583064092848,1.3017583064092848,1.3017583064092848,1.3017583064092848,1.3017583064092848,1.3017583064092848,1.3017583064092848
616,3,198,138,113,-0.6816871615831124,-7.362400094863959,-5.1819693916560166,1.3017583064092848,1.3017583064092848,1.3017583064092848
617,8,201,221,234,118,90,84,105,51,3.225756124335423,4.931827555787595,2.289272104228917,-1.897427764916341,4.048379977053674,-3.2103248800071333,-5.072001622368602,-2.2509439671412985,1.3017583064092848,1.3017583064092848,1.3017583064092848,1.3017583064092848,1.3017583064092848,1.3017583064092848,1.3017583064092848,1.3017583064092848
618,7,83,38,84,121,92,126,301,1.8849699990859297,-1.0126957334978193,-3.8241497211252264,6.200152504763054,-5.324564769624445,5.687617678436819,3.5630736149629296,1.3017583064092848,1.3017583064092848,1.3017583064092848,1.3017583064092848,1.3017583064092848,1.3017583064092848,1.3017583064092848
619,1,221,2.1004514508791545,1.3017583064092848
620,1,177,2.7703823456626226,1.3017583064092848
621,5,127,209,106,2,205,3.9507264942586526,4.721033665456828,3.6182433574522004,8.215018852165281,-6.334574690236217,1.3017583064092848,1.3017583064092848,1.3017583064092848,1.3017583064092848,1.3017583064092848
622,9,244,127,117,119,107,100,95,291,90,2.971774381252093,-4.8778824928102145,1.0488041476554057,0.7496068526216431,-6.711545318822013,-1.0248100418750217,-4.4032374734004645,-5.040209884661764,-2.096502805050668,1.3017583064092848,1.3017583064092848,1.3017583064092848,1.3017583064092848,1.3017583064092848,1.3017583064092848,1.3017583064092848,1.3017583064092848,1.3017583064092848
623,5,161,169,170,103,168,2.39528131590654,7.632038811366947,2.7295493666878294,6.462059248891363,-1.792639501167838,1.3017583064092848,1.3017583064092848,1.3017583064092848,1.3017583064092848,1.3017583064092848
624,2,147,194,-3.333215635439533,5.033190686412449,1.3017583064092848,1.3017583064092848
625,3,95,92,32,2.465507891011136,-5.1153626985982035,-4.2810973776801315,1.3017583064092848,1.3017583064092848,1.3017583064092848
626,1,207,1.8462938568141705,1.3017583064092848
627,10,244,150,231,112,125,106,265,83,226,84,-1.7306463319869163,7.250887158885976,-4.345385486678626,5.131289294641418,-3.240876649513605,2.6636933032270362,-4.275922881597042,-2.792120016136614,-3.142534503772903,-3.9176696882644735,1.3017583064092848,1.3017583064092848,1.3017583064092848,1.3017583064092848,1.3017583064092848,1.3017583064092848,1.3017583064092848,1.3017583064092848,1.3017583064092848,1.3017583064092848
628,2,108,187,5.52622478818898,2.211577833291724,1.3017583064092848,1.3017583064092848
629,2,87,140,-1.067551366898061,-7.330130094228759,1.3017583064092848,1.3017583064092848
630,8,106,17,95,34,90,84,126,242,6.149007117329426,4.289497609515501,7.217954979982929,2.711179204322225,3.5594632250146345,5.974402240999684,3.081793790116311,3.2259359058426202,1.3017583064092848,1.3017583064092848,1.3017583064092848,1.3017583064092848,1.3017583064092848,1.3017583064092848,1.3017583064092848,1.3017583064092848
631,2,201,98,5.008016229145274,-2.4885132057903823,1.3017583064092848,1.3017583064092848
632,4,192,88,310,228,-0.863089095885001,5.066127632517189,6.565641276830084,-3.90196116895805,1.3017583064092848,1.3017583064092848,1.3017583064092848,1.3017583064092848
633,6,201,227,147,202,106,84,-4.192244549158139,6.44234017389569,1.8626430219833203,5.853233248705008,5.868523974059616,7.126726329123559,1.3017583064092848,1.3017583064092848,1.3017583064092848,1.3017583064092848,1.3017583064092848,1.3017583064092848
634,20,244,198,107,98,204,159,9,95,276,177,214,280,34,90,131,84,121,92,138,113,1.2911865169049255,-4.2845465009176165,5.109684291063131,2.87263346733706,-3.75681409644567,-4.625633810963939,4.613235685733497,0.995608914978844,-3.8122916944558014,-2.2137241582547897,7.192799972141243,7.617015801774761,2.8217222260170542,1.9400554371424703,-2.254002911192227,-4.083394157384544,6.893935964248346,4.241250420022807,1.091457226183491,0.9816117718542878,1.3017583064092848,1.3017583064092848,1.3017583064092848,1.3017583064092848,1.3017583064092848,1.3017583064092848,1.3017583064092848,1.3017583064092848,1.3017583064092848,1.3017583064092848,1.3017583064092848,1.3017583064092848,1.3017583064092848,1.3017583064092848,1.3017583064092848,1.3017583064092848,1.3017583064092848,1.3017583064092848,1.3017583064092848,1.3017583064092848
635,3,248,1,136,3.5254681807689225,-6.404658561337021,6.822835578407171,1.3017583064092848,1.3017583064092848,1.3017583064092848
636,1,167,-2.6676515448109583,1.3017583064092848
637,2,221,84,-5.17866775582559,-1.5263145210355893,1.3017583064092848,1.3017583064092848
638,1,108,1.147006107182515,1.3017583064092848
639,1,221,-0.72757277039187,1.3017583064092848
640,16,161,111,281,141,249,215,182,221,95,220,90,218,126,142,10,140,3.00830359541564,-4.889420054500944,-3.9352850859323167,-2.8450223597999806,7.743077168383875,-7.37595263315149,-1.5938077858530761,-3.6502321330268566,-5.31083248668711,5.912184099566503,-3.303992806843272,6.003057758952782,1.583127646859466,-3.0584649206128014,-5.790998369885125,-5.146263023373645,1.3017583064092848,1.3017583064092848,1.3017583064092848,1.3017583064092848,1.3017583064092848,1.3017583064092848,1.3017583064092848,1.3017583064092848,1.3017583064092848,1.3017583064092848,1.3017583064092848,1.3017583064092848,1.3017583064092848,1.3017583064092848,1.3017583064092848,1.3017583064092848
641,5,221,309,84,10,133,0.6756052299196537,6.124313130239362,1.0143174248805982,6.3975427024977085,0.8045453225362632,1.3017583064092848,1.3017583064092848,1.3017583064092848,1.3017583064092848,1.3017583064092848
642,1,221,1.5707575535571894,1.3017583064092848
643,2,177,126,4.954890115448947,7.496807442021642,1.3017583064092848,1.3017583064092848
644,3,98,84,142,-7.314412793243987,3.6932291637856243,3.6122074924861702,1.3017583064092848,1.3017583064092848,1.3017583064092848
645,1,87,4.557950719839497,1.3017583064092848
646,17,191,150,111,275,122,106,265,182,78,95,276,34,90,131,239,121,91,-2.5291236719665826,-1.9241991680242847,-1.9105046611147776,-3.9633243042461266,1.9097523311452966,-0.8411980007688534,1.0711691911433983,-7.307461810634479,-1.2194581611780624,-1.2210165272838336,-3.906569426509573,2.4424178134208967,-7.5405552634966035,-7.173196124610293,-3.5765999180686245,3.8891142156812806,-3.366096706659923,1.3017583064092848,1.3017583064092848,1.3017583064092848,1.3017583064092848,1.3017583064092848,1.3017583064092848,1.3017583064092848,1.3017583064092848,1.3017583064092848,1.3017583064092848,1.3017583064092848,1.3017583064092848,1.3017583064092848,1.3017583064092848,1.3017583064092848,1.3017583064092848,1.3017583064092848
647,3,230,255,228,0.8524203985299886,2.016338465881052,-2.31304379954234,1.3017583064092848,1.3017583064092848,1.3017583064092848
648,1,207,3.5786138839131647,1.3017583064092848
649,3,119,157,98,5.346051681830172,5.717285609432455,-1.86397931473042,1.3017583064092848,1.3017583064092848,1.3017583064092848
650,1,167,-1.466181388653716,1.3017583064092848
651,5,112,125,156,130,84,-3.8101149071572435,-4.713923260547301,1.6865519237013884,-2.784663984215585,2.874674361323061,1.3017583064092848,1.3017583064092848,1.3017583064092848,1.3017583064092848,1.3017583064092848
652,9,157,99,216,80,215,106,95,136,90,2.13235137304008,1.4324345192101327,6.540076684980425,-4.1063209958787334,-1.1425722380800258,2.534926941745154,-6.413356110645587,-6.041738248698018,-6.923336793652665,1.3017583064092848,1.3017583064092848,1.3017583064092848,1.3017583064092848,1.3017583064092848,1.3017583064092848,1.3017583064092848,1.3017583064092848,1.3017583064092848
653,1,177,5.32470064973004,1.3017583064092848
654,1,177,1.801337831459414,1.3017583064092848
655,1,221,-3.3188841649880683,1.3017583064092848
656,1,207,-3.0305321593896766,1.3017583064092848
657,8,147,235,95,173,90,172,228,101,6.707023330034822,7.033183797188582,4.0793240913767805,7.3059083905697975,6.744314407378034,7.6490765163039,-6.636759101432783,3.327816429615556,1.3017583064092848,1.3017583064092848,1.3017583064092848,1.3017583064092848,1.3017583064092848,1.3017583064092848,1.3017583064092848,1.3017583064092848
658,23,227,150,111,112,157,125,98,189,165,275,106,61,184,95,254,90,131,84,168,142,144,101,140,5.863469352325228,7.4612795049487,2.8350230072886125,-7.663083042928634,-3.3698386521636987,2.1078816612223026,1.4902465335086654,-6.241860403505328,4.616233264624106,-2.8665836461354943,4.995026722921358,3.6379949673645426,-3.864172291065335,-6.79072952355927,5.416846463933716,-6.082501649831511,4.818737959983944,-7.700073966521553,2.402345227540281,-2.5498440896813315,-1.3508978516280128,4.610540599255163,-5.029701736846345,1.3017583064092848,1.3017583064092848,1.3017583064092848,1.3017583064092848,1.3017583064092848,1.3017583064092848,1.3017583064092848,1.3017583064092848,1.3017583064092848,1.3017583064092848,1.3017583064092848,1.3017583064092848,1.3017583064092848,1.3017583064092848,1.3017583064092848,1.3017583064092848,1.3017583064092848,1.3017583064092848,1.3017583064092848,1.3017583064092848,1.3017583064092848,1.3017583064092848,1.3017583064092848
659,4,212,77,221,184,3.4712234795905483,1.1635741367355776,7.132865855259211,-3.547188044648914,1.3017583064092848,1.3017583064092848,1.3017583064092848,1.3017583064092848
660,2,108,221,-5.206654221877761,-6.838141985764767,1.3017583064092848,1.3017583064092848
661,24,191,128,244,150,127,243,112,157,106,83,182,221,95,63,34,90,84,121,92,218,228,242,188,246,0.9796953741170819,1.7091480645256725,-1.716976225327008,4.910876524948551,7.145458664243066,3.7583549642108123,-3.100063984209751,6.056807897809344,5.893768442586437,2.420135948114575,1.8181176222684172,3.198172167731351,6.125204773821041,5.560946852232157,-5.356305743937108,6.502300335248272,2.6329353927539985,-3.071180461873583,0.988006166945965,-8.103095927598591,-4.77184292569798,-2.7800038110132888,-1.1777064018486032,5.759537844125297,1.3017583064092848,1.3017583064092848,1.3017583064092848,1.3017583064092848,1.3017583064092848,1.3017583064092848,1.3017583064092848,1.3017583064092848,1.3017583064092848,1.3017583064092848,1.3017583064092848,1.3017583064092848,1.3017583064092848,1.3017583064092848,1.3017583064092848,1.3017583064092848,1.3017583064092848,1.3017583064092848,1.3017583064092848,1.3017583064092848,1.3017583064092848,1.3017583064092848,1.3017583064092848,1.3017583064092848
662,3,196,109,177,-3.7672389022830113,6.253935593517279,5.06501716479147,1.3017583064092848,1.3017583064092848,1.3017583064092848
663,3,231,98,61,-1.7112642571169643,-7.096468010977746,-6.985014545044531,1.3017583064092848,1.3017583064092848,1.3017583064092848
664,5,112,125,255,84,101,-8.465315089213494,3.548972433180196,5.949909788966111,6.247586166601142,-2.7930281279802323,1.3017583064092848,1.3017583064092848,1.3017583064092848,1.3017583064092848,1.3017583064092848
665,3,132,87,142,-5.571087684784427,-5.013889906552535,5.225299402927883,1.3017583064092848,1.3017583064092848,1.3017583064092848
666,10,294,83,95,103,187,195,84,92,10,133,-2.5172100755965157,-5.827558570341478,-2.238513797551227,-6.5910002087049335,2.257817488282177,5.650847023079795,6.266859416555373,2.0434684164840506,2.3918779191004633,-6.236240854722595,1.3017583064092848,1.3017583064092848,1.3017583064092848,1.3017583064092848,1.3017583064092848,1.3017583064092848,1.3017583064092848,1.3017583064092848,1.3017583064092848,1.3017583064092848
667,3,111,281,63,7.301903497452508,3.812768906889573,4.315364865370523,1.3017583064092848,1.3017583064092848,1.3017583064092848
668,6,181,147,219,221,142,222,-3.5296601037111377,2.8417216701405112,3.5091522150828425,5.4399305168164345,-0.9649840080660612,5.398291238638798,1.3017583064092848,1.3017583064092848,1.3017583064092848,1.3017583064092848,1.3017583064092848,1.3017583064092848
669,29,245,238,127,112,306,157,225,197,215,106,135,184,9,31,78,95,158,211,90,49,121,92,178,0,82,179,258,10,91,3.430707440263436,1.7421898214048515,-4.628120049176994,5.882768999681807,-3.2207524714380713,1.8620966232944778,2.3103119216090273,-6.513381242749384,2.6026131051703802,6.2049729521416666,3.0541083153085684,-2.041953766457457,5.868262442655362,-4.029879130383416,-0.9233138970023768,7.52100773223113,1.7508180310971044,-3.211881806112797,3.434875160864489,4.17825551118883,-6.281285345954008,-0.7443732702135887,7.325844734961912,5.290531588300068,-7.454981854483918,6.508241987775641,-7.292923705793338,-4.970908262765254,3.239603577763513,1.3017583064092848,1.3017583064092848,1.3017583064092848,1.3017583064092848,1.3017583064092848,1.3017583064092848,1.3017583064092848,1.3017583064092848,1.3017583064092848,1.3017583064092848,1.3017583064092848,1.3017583064092848,1.3017583064092848,1.3017583064092848,1.3017583064092848,1.3017583064092848,1.3017583064092848,1.3017583064092848,1.3017583064092848,1.3017583064092848,1.3017583064092848,1.3017583064092848,1.3017583064092848,1.3017583064092848,1.3017583064092848,1.3017583064092848,1.3017583064092848,1.3017583064092848,1.3017583064092848
670,1,254,6.011754189644668,1.3017583064092848
671,2,251,252,1.6813483350347924,-7.579908652052923,1.3017583064092848,1.3017583064092848
672,9,192,157,225,160,197,189,103,187,84,5.899610738707328,1.9258526539902232,1.0750176601017007,-5.195559994609458,-1.3875566764452687,-1.3578847603770348,6.6443269620281225,-1.0198074445339056,6.020314976092664,1.3017583064092848,1.3017583064092848,1.3017583064092848,1.3017583064092848,1.3017583064092848,1.3017583064092848,1.3017583064092848,1.3017583064092848,1.3017583064092848
673,3,147,93,121,-4.70000261226697,1.0387467832431938,-8.015804280516985,1.3017583064092848,1.3017583064092848,1.3017583064092848
674,3,227,299,136,2.046400196463867,4.36196933736038,4.45934610949558,1.3017583064092848,1.3017583064092848,1.3017583064092848
675,6,201,111,281,249,225,135,7.79752037630875,0.8852975980324034,-0.70333872145459,3.190284992004582,3.3024597491654433,-6.980319101286459,1.3017583064092848,1.3017583064092848,1.3017583064092848,1.3017583064092848,1.3017583064092848,1.3017583064092848
676,2,138,113,-3.6289002471896286,-6.000239759252943,1.3017583064092848,1.3017583064092848
677,2,147,84,3.2693165244913063,5.065804989403642,1.3017583064092848,1.3017583064092848
678,5,98,99,189,84,183,-2.2372711551506548,-2.812041320643708,-6.389584776802654,-2.32631610689026,8.466506960597341,1.3017583064092848,1.3017583064092848,1.3017583064092848,1.3017583064092848,1.3017583064092848
679,2,147,93,4.094652595511919,1.709095500835229,1.3017583064092848,1.3017583064092848
680,8,150,193,299,95,34,90,92,218,3.1924636916441997,-1.8494094650777326,-3.452082004222358,6.1235815251915735,-4.7773917253600535,-1.3832144040821435,-4.4015220920106755,-4.690351315057803,1.3017583064092848,1.3017583064092848,1.3017583064092848,1.3017583064092848,1.3017583064092848,1.3017583064092848,1.3017583064092848,1.3017583064092848
681,1,207,3.8531516706966005,1.3017583064092848
682,7,244,95,90,183,121,92,178,2.905044572116883,3.6849315571112897,5.38815501045755,-2.6541793884104137,7.074809832780118,2.826147464547456,-2.0713990868714585,1.3017583064092848,1.3017583064092848,1.3017583064092848,1.3017583064092848,1.3017583064092848,1.3017583064092848,1.3017583064092848
683,4,244,107,84,239,3.662187152230703,-6.452512581424952,-5.851156946148215,2.72707633058544,1.3017583064092848,1.3017583064092848,1.3017583064092848,1.3017583064092848
684,6,111,254,224,142,133,101,4.605940053918017,4.952664288887798,-4.963028491744078,4.613132532790874,2.761747390760261,7.6036592950519495,1.3017583064092848,1.3017583064092848,1.3017583064092848,1.3017583064092848,1.3017583064092848,1.3017583064092848
685,1,71,3.932176229103221,1.3017583064092848
686,2,98,106,-1.158271729580129,3.189312400276176,1.3017583064092848,1.3017583064092848
687,12,244,198,69,98,66,270,118,136,96,207,84,32,1.9521876271877754,5.4049054340136955,6.9459805978678135,-2.852024260542125,-3.066066727677305,-5.463703879664228,-1.761602572315469,7.304285269732462,-3.286051309434903,1.4200755377559635,-1.9421459658588585,7.327791540923037,1.3017583064092848,1.3017583064092848,1.3017583064092848,1.3017583064092848,1.3017583064092848,1.3017583064092848,1.3017583064092848,1.3017583064092848,1.3017583064092848,1.3017583064092848,1.3017583064092848,1.3017583064092848
688,1,221,6.947645422480625,1.3017583064092848
689,4,201,147,93,84,2.0443326273830147,-0.8139250101462463,4.157932769616951,-6.663385765816944,1.3017583064092848,1.3017583064092848,1.3017583064092848,1.3017583064092848
690,2,231,98,8.242496759648532,4.9458475960929436,1.3017583064092848,1.3017583064092848
691,1,136,5.66176126207695,1.3017583064092848
692,2,244,239,3.368128594757205,5.431978287421697,1.3017583064092848,1.3017583064092848
693,1,167,4.741143797968146,1.3017583064092848
694,4,241,111,221,142,-3.2287434999356543,4.038991968496155,4.891713388320547,3.6077801093159736,1.3017583064092848,1.3017583064092848,1.3017583064092848,1.3017583064092848
695,7,125,156,225,226,304,10,133,0.7681409769084853,-4.749527598032239,5.202537670225369,7.203570753346882,3.640387062523495,4.782405558256198,4.075720302525626,1.3017583064092848,1.3017583064092848,1.3017583064092848,1.3017583064092848,1.3017583064092848,1.3017583064092848,1.3017583064092848
696,1,244,4.594789794354453,1.3017583064092848
697,6,244,104,159,226,205,239,1.314293791917179,4.901605330735108,3.713918211619396,5.683269206423643,1.025933445832651,-5.696244170649085,1.3017583064092848,1.3017583064092848,1.3017583064092848,1.3017583064092848,1.3017583064092848,1.3017583064092848
698,3,58,113,91,-3.533826946185005,7.321599262853522,-4.616248679185834,1.3017583064092848,1.3017583064092848,1.3017583064092848
699,8,212,65,77,275,215,221,184,84,-2.9160826227935077,-5.259671230839603,-5.067269254904365,-0.7749781540203261,-5.018472538704235,5.9218380837627125,-6.162540945784908,-1.1200977918811903,1.3017583064092848,1.3017583064092848,1.3017583064092848,1.3017583064092848,1.3017583064092848,1.3017583064092848,1.3017583064092848,1.3017583064092848
700,4,201,138,113,140,5.203946493519882,-2.9288984375571214,-5.493589619419555,1.1901287475844893,1.3017583064092848,1.3017583064092848,1.3017583064092848,1.3017583064092848
701,2,138,113,-5.050422490057207,-3.130550173450336,1.3017583064092848,1.3017583064092848
702,4,202,217,153,177,7.184359538732151,-5.921931510107857,3.181879896352271,-4.8401294165714575,1.3017583064092848,1.3017583064092848,1.3017583064092848,1.3017583064092848
703,1,147,1.2784492608560525,1.3017583064092848
704,2,177,167,3.788747391946657,-1.999292198383069,1.3017583064092848,1.3017583064092848
705,1,177,3.861899029620167,1.3017583064092848
706,51,191,245,161,282,102,169,111,141,112,157,147,108,193,98,189,42,270,106,83,47,182,219,104,61,186,221,234,95,262,45,118,146,194,163,136,177,90,167,131,123,67,208,21,84,183,92,0,82,168,142,43,3.241214798404944,2.735398648332226,-2.129462363866323,-7.13497799565918,6.34134295514029,1.6376413335107738,-5.968968655164829,3.6517720629593065,0.8054655144974329,4.42726700483582,1.6149440882745325,2.178988071741951,-5.611117630184098,2.5122956404555468,-6.993886421941071,5.33666961502851,-6.573050559061857,-5.040270553733392,6.831223562974528,-3.2504132506981236,4.573935452872337,-4.339174390090431,7.077923420021525,-1.8611345445329641,-4.778124855713457,-6.0233786939144105,3.3094744820998194,-6.822270449065917,-3.3304087495817383,-1.9203953449076878,4.820399924995144,-3.666155835785723,0.8040071774868135,-1.1898498541631664,2.0755021819762525,-6.128570616130948,6.994954767565481,-4.5492259910457955,-1.442097477291793,-4.469994222564998,8.055226337302246,-5.988404316845435,-2.7520410256378294,1.5714811796596724,-7.055972435860954,-6.7270054237826304,1.0760126841726774,6.512267217370353,1.3831228124770305,-1.1435689219243945,6.052818654647988,1.3017583064092848,1.3017583064092848,1.3017583064092848,1.3017583064092848,1.3017583064092848,1.3017583064092848,1.3017583064092848,1.3017583064092848,1.3017583064092848,1.3017583064092848,1.3017583064092848,1.3017583064092848,1.3017583064092848,1.3017583064092848,1.3017583064092848,1.3017583064092848,1.3017583064092848,1.3017583064092848,1.3017583064092848,1.3017583064092848,1.3017583064092848,1.3017583064092848,1.3017583064092848,1.3017583064092848,1.3017583064092848,1.3017583064092848,1.3017583064092848,1.3017583064092848,1.3017583064092848,1.3017583064092848,1.3017583064092848,1.3017583064092848,1.3017583064092848,1.3017583064092848,1.3017583064092848,1.3017583064092848,1.3017583064092848,1.3017583064092848,1.3017583064092848,1.3017583064092848,1.3017583064092848,1.3017583064092848,1.3017583064092848,1.3017583064092848,1.3017583064092848,1.3017583064092848,1.3017583064092848,1.3017583064092848,1.3017583064092848,1.3017583064092848,1.3017583064092848
707,1,88,1.8087043212018996,1.3017583064092848
708,1,87,-7.466689478364044,1.3017583064092848
709,1,254,5.447154252666993,1.3017583064092848
710,46,201,192,128,181,161,231,111,281,112,157,134,147,93,249,130,100,99,132,189,165,299,66,106,182,221,95,262,253,194,220,114,90,226,205,103,84,183,92,168,126,142,298,144,101,242,188,3.4061612194253534,5.813319395981807,5.250399458824306,-6.297687460945425,7.0734274112036415,5.532591527637132,-1.181649572865497,2.0022239684965,-7.478634860339491,7.582874028485843,7.574084638006817,0.962545958776607,-3.418204705572137,-6.098193232645055,6.049975756628677,1.3114440186587675,-5.0312135752062925,-1.7161209267957402,4.205106465313767,-2.40394996497453,1.07878802489412,-1.269602261887694,-7.1725361900396045,5.991435886874446,-7.321240530229746,-4.040144430524726,3.6373379944148874,3.247406509208195,5.0796534831369025,3.1987556222599394,6.002996811272195,6.394057099181969,-6.923535439015893,2.42608208593891,4.445328623285438,2.288565320214804,0.9679199597286675,5.729843818976437,4.60133774910743,-5.84424016695391,1.3236211630386068,-7.773812252304509,7.765445916990154,-4.004692258739145,6.854011749754305,-2.43153567524209,1.3017583064092848,1.3017583064092848,1.3017583064092848,1.3017583064092848,1.3017583064092848,1.3017583064092848,1.3017583064092848,1.3017583064092848,1.3017583064092848,1.3017583064092848,1.3017583064092848,1.3017583064092848,1.3017583064092848,1.3017583064092848,1.3017583064092848,1.3017583064092848,1.3017583064092848,1.3017583064092848,1.3017583064092848,1.3017583064092848,1.3017583064092848,1.3017583064092848,1.3017583064092848,1.3017583064092848,1.3017583064092848,1.3017583064092848,1.3017583064092848,1.3017583064092848,1.3017583064092848,1.3017583064092848,1.3017583064092848,1.3017583064092848,1.3017583064092848,1.3017583064092848,1.3017583064092848,1.3017583064092848,1.3017583064092848,1.3017583064092848,1.3017583064092848,1.3017583064092848,1.3017583064092848,1.3017583064092848,1.3017583064092848,1.3017583064092848,1.3017583064092848,1.3017583064092848
711,3,177,71,92,-5.38818302004464,-4.113135319448908,-7.052293124792832,1.3017583064092848,1.3017583064092848,1.3017583064092848
712,3,98,103,187,-3.021409533939154,4.088984518581226,5.3421619311708985,1.3017583064092848,1.3017583064092848,1.3017583064092848
713,1,244,6.708094180029978,1.3017583064092848
714,1,238,-1.9371980721981878,1.3017583064092848
715,8,289,127,111,112,134,147,125,142,-3.2163521598121725,1.7786963348721199,5.433731586658389,-2.399674462302819,5.161809601053983,6.160888898037957,5.324526001098762,-2.7469900949403865,1.3017583064092848,1.3017583064092848,1.3017583064092848,1.3017583064092848,1.3017583064092848,1.3017583064092848,1.3017583064092848,1.3017583064092848
716,1,221,2.110915519166612,1.3017583064092848
717,1,221,3.0656563502291863,1.3017583064092848
718,4,111,281,141,142,4.329401427082551,-4.359043739084255,-7.676522243642407,-6.759886674615121,1.3017583064092848,1.3017583064092848,1.3017583064092848,1.3017583064092848
719,2,128,127,6.280528924725757,7.769089360929728,1.3017583064092848,1.3017583064092848
720,8,256,217,253,211,255,103,84,228,7.841200546216017,-0.8341263202437648,-2.3851606833636305,-0.9680209098087313,6.266839142430143,-4.635336296123316,-4.173988729639291,-4.451603434965754,1.3017583064092848,1.3017583064092848,1.3017583064092848,1.3017583064092848,1.3017583064092848,1.3017583064092848,1.3017583064092848,1.3017583064092848
721,11,244,150,81,127,125,108,236,104,38,1,228,-5.243485880436925,-5.866075197470916,-5.4336980860562605,3.0333238801987434,-6.512653408892302,5.733069903106096,-1.598204522763157,-2.4734354597372903,-5.1807967360201665,2.73265895474188,-1.5357894837302652,1.3017583064092848,1.3017583064092848,1.3017583064092848,1.3017583064092848,1.3017583064092848,1.3017583064092848,1.3017583064092848,1.3017583064092848,1.3017583064092848,1.3017583064092848,1.3017583064092848
722,6,297,264,17,287,177,84,6.066454069598119,7.2648481225198,4.850924743758726,0.9657791953882167,-2.4656870056094657,1.762062867876092,1.3017583064092848,1.3017583064092848,1.3017583064092848,1.3017583064092848,1.3017583064092848,1.3017583064092848
723,1,167,4.882196080240769,1.3017583064092848
724,3,147,182,84,4.886916143754095,6.2733161763558245,0.837067584913699,1.3017583064092848,1.3017583064092848,1.3017583064092848
725,1,207,6.222380067540862,1.3017583064092848
726,2,128,118,1.529517385673825,-6.674405825385888,1.3017583064092848,1.3017583064092848
727,1,177,-6.620887263315222,1.3017583064092848
728,3,201,147,92,1.959950234884638,6.199900765661352,3.897327760147814,1.3017583064092848,1.3017583064092848,1.3017583064092848
729,3,244,150,299,-2.777286770589149,1.650837079133941,-7.52974605472564,1.3017583064092848,1.3017583064092848,1.3017583064092848
730,1,147,2.577690041010799,1.3017583064092848
731,4,98,130,104,84,-4.691309222971103,-6.067348202261282,-7.085867171788131,6.54690340041385,1.3017583064092848,1.3017583064092848,1.3017583064092848,1.3017583064092848
732,3,289,128,243,4.0100316834902126,0.7674223262747107,6.007148599078671,1.3017583064092848,1.3017583064092848,1.3017583064092848
733,4,244,95,90,133,3.291368587825641,4.5320849357654724,-1.839701397899347,6.302594234777395,1.3017583064092848,1.3017583064092848,1.3017583064092848,1.3017583064092848
734,6,181,161,83,136,207,142,8.690461588943291,-2.3080974305630138,2.718829861019672,-2.3184653892374683,2.439691140215456,4.339179748733366,1.3017583064092848,1.3017583064092848,1.3017583064092848,1.3017583064092848,1.3017583064092848,1.3017583064092848
735,3,214,90,255,5.6226810616726235,-4.923466555890372,-1.750641253365707,1.3017583064092848,1.3017583064092848,1.3017583064092848
736,3,221,239,138,-2.5183548548017205,-1.292211913175599,5.316813566406776,1.3017583064092848,1.3017583064092848,1.3017583064092848
737,1,88,-5.3335778659912485,1.3017583064092848
738,3,111,221,142,3.9389110986946845,3.9546850546841448,-1.0249322983746711,1.3017583064092848,1.3017583064092848,1.3017583064092848
739,15,201,112,108,273,87,295,95,177,90,94,84,92,168,126,142,3.7214472761539215,-5.20491328884394,-4.5364030793765755,-1.2240515094384508,-5.394827752612975,-2.867525452404266,0.7959150295646331,1.78912945704294,4.19520669644322,-2.878353261995223,5.580066094794365,2.387601406437962,-6.131785139913677,3.23994447366039,-5.062780423257838,1.3017583064092848,1.3017583064092848,1.3017583064092848,1.3017583064092848,1.3017583064092848,1.3017583064092848,1.3017583064092848,1.3017583064092848,1.3017583064092848,1.3017583064092848,1.3017583064092848,1.3017583064092848,1.3017583064092848,1.3017583064092848,1.3017583064092848
740,2,177,121,5.689687429980938,-3.532069264553182,1.3017583064092848,1.3017583064092848
741,1,108,-5.432090290261917,1.3017583064092848
742,13,294,83,95,146,287,90,226,167,84,183,121,92,138,4.182521636127035,4.45013609125558,-6.46037252593982,3.0361800294160757,6.386739166225794,-3.243004830040638,0.9864753104176365,3.325487267155398,7.315929217135922,4.059699379084433,1.4434529346115301,-5.486752755013087,-7.409023960204452,1.3017583064092848,1.3017583064092848,1.3017583064092848,1.3017583064092848,1.3017583064092848,1.3017583064092848,1.3017583064092848,1.3017583064092848,1.3017583064092848,1.3017583064092848,1.3017583064092848,1.3017583064092848,1.3017583064092848
743,14,245,150,212,196,112,215,106,79,221,95,257,177,90,84,-1.5135394809245364,-4.646579972304147,1.7749361564198687,-1.1107063762033478,4.156041872838483,5.24631105209896,6.629267284997826,7.332408606843087,-6.650788067860977,5.974721966248836,5.579335277544165,0.7571241965912068,5.042659003430075,-1.5248370656282855,1.3017583064092848,1.3017583064092848,1.3017583064092848,1.3017583064092848,1.3017583064092848,1.3017583064092848,1.3017583064092848,1.3017583064092848,1.3017583064092848,1.3017583064092848,1.3017583064092848,1.3017583064092848,1.3017583064092848,1.3017583064092848
744,15,241,150,193,106,87,95,254,129,177,90,85,92,0,82,142,-1.7970170586543834,7.13259527715384,1.9009541292474204,3.259783611526356,3.869201364032432,-1.5564659659515345,0.8323321974911044,7.622857638331981,-6.803680240864672,-7.0525775209852695,-2.673416713882943,-2.2237535032193456,4.374617761332505,3.850607806771257,-0.7274537985531331,1.3017583064092848,1.3017583064092848,1.3017583064092848,1.3017583064092848,1.3017583064092848,1.3017583064092848,1.3017583064092848,1.3017583064092848,1.3017583064092848,1.3017583064092848,1.3017583064092848,1.3017583064092848,1.3017583064092848,1.3017583064092848,1.3017583064092848
745,9,157,107,215,106,95,34,90,239,228,3.7469628273488804,4.546360279153813,6.693621691119441,2.2877807523737363,-0.8923572189873964,1.1560274069889183,-1.6445612482294396,-4.726092080160198,-6.404894965060341,1.3017583064092848,1.3017583064092848,1.3017583064092848,1.3017583064092848,1.3017583064092848,1.3017583064092848,1.3017583064092848,1.3017583064092848,1.3017583064092848
746,3,287,177,103,-6.882196444740207,-4.158998631636971,2.3081117886241205,1.3017583064092848,1.3017583064092848,1.3017583064092848
747,3,136,84,239,1.6706560599693991,7.227187486559525,1.0587865686936708,1.3017583064092848,1.3017583064092848,1.3017583064092848
748,3,128,243,111,0.7923709940092295,2.001148260928478,6.46195253453117,1.3017583064092848,1.3017583064092848,1.3017583064092848
749,8,11,244,106,95,177,90,226,239,-4.4200702897659445,-5.1474032737817,3.2426065933300934,1.1890270974532269,-6.783673356859741,-2.0644161637123593,-0.9359737405279416,-4.769876621609767,1.3017583064092848,1.3017583064092848,1.3017583064092848,1.3017583064092848,1.3017583064092848,1.3017583064092848,1.3017583064092848,1.3017583064092848
750,1,87,-5.881991298636114,1.3017583064092848
751,3,244,150,142,1.3616688562143184,1.4848835599917662,-4.933938802062667,1.3017583064092848,1.3017583064092848,1.3017583064092848
752,20,161,150,81,127,147,149,106,95,153,118,173,307,194,280,90,84,92,10,133,101,3.36208855273362,-1.163448381840737,-4.520035091075496,5.236234457063543,1.692911741109788,-4.628908146607094,-2.10613977356703,-6.702482484268134,6.634502715744907,3.753401210009231,-7.569323753500518,-7.661900137363669,-1.6193681984372956,-3.313524547378197,-4.966083738330347,1.3038344306686447,-3.419677721470128,-2.5565997925898296,-7.464937675580729,-3.625212928339821,1.3017583064092848,1.3017583064092848,1.3017583064092848,1.3017583064092848,1.3017583064092848,1.3017583064092848,1.3017583064092848,1.3017583064092848,1.3017583064092848,1.3017583064092848,1.3017583064092848,1.3017583064092848,1.3017583064092848,1.3017583064092848,1.3017583064092848,1.3017583064092848,1.3017583064092848,1.3017583064092848,1.3017583064092848,1.3017583064092848
753,10,161,117,93,98,95,158,90,142,10,133,-1.1498722405107382,3.4703883265609683,-2.395014404803944,-0.7255072371432683,4.41478476724106,-1.5006448857320196,2.691305525921341,-5.156204890645305,5.741086352473944,-2.5237655360584608,1.3017583064092848,1.3017583064092848,1.3017583064092848,1.3017583064092848,1.3017583064092848,1.3017583064092848,1.3017583064092848,1.3017583064092848,1.3017583064092848,1.3017583064092848
754,3,244,132,177,2.281179036626544,-3.6806782562225124,1.9495374714229137,1.3017583064092848,1.3017583064092848,1.3017583064092848
755,2,83,84,-1.5878553505909057,5.043621093814784,1.3017583064092848,1.3017583064092848
756,4,150,299,34,92,5.826653502748805,2.8401607506475344,8.125362491250426,5.558733697410855,1.3017583064092848,1.3017583064092848,1.3017583064092848,1.3017583064092848
757,4,141,225,103,84,-3.671850040137012,-2.564554537156748,-3.501677062161427,1.3149054253227674,1.3017583064092848,1.3017583064092848,1.3017583064092848,1.3017583064092848
758,6,244,102,112,84,60,101,6.46162392887097,-4.530353007538883,-3.016341840934983,4.589961963258579,6.7918463067507595,-5.151288082983979,1.3017583064092848,1.3017583064092848,1.3017583064092848,1.3017583064092848,1.3017583064092848,1.3017583064092848
759,3,238,106,261,3.9251300658373474,3.5232952640623374,-3.506110083659035,1.3017583064092848,1.3017583064092848,1.3017583064092848
760,1,221,3.2529278124732994,1.3017583064092848
761,8,147,193,106,265,83,17,309,131,-3.2349918042477714,3.6429514844747746,-0.9315609626079441,4.3104670371429545,6.261454120250036,6.2453082613930775,-2.044152454892456,-5.688010242314527,1.3017583064092848,1.3017583064092848,1.3017583064092848,1.3017583064092848,1.3017583064092848,1.3017583064092848,1.3017583064092848,1.3017583064092848
762,15,191,181,58,111,157,108,98,42,269,221,152,263,114,71,91,2.08533343780775,-4.153671160681427,1.0147337668353502,3.653690393006495,-6.301000449706754,1.7576450845173703,-3.9688068427189838,7.732912080396132,-4.295409387870095,4.241442325189883,-4.6710492210463395,-2.0225714062220415,-1.7466294901090134,-5.513365165661875,3.512826884749699,1.3017583064092848,1.3017583064092848,1.3017583064092848,1.3017583064092848,1.3017583064092848,1.3017583064092848,1.3017583064092848,1.3017583064092848,1.3017583064092848,1.3017583064092848,1.3017583064092848,1.3017583064092848,1.3017583064092848,1.3017583064092848,1.3017583064092848
763,1,221,2.4607311916818126,1.3017583064092848
764,17,150,125,107,156,193,274,197,106,95,276,74,146,177,90,92,142,138,-4.490555472199239,-5.643114962511744,-2.089985390907559,-3.8012133826259893,-3.8601524068885293,2.235526968408876,4.715493943486588,1.7379037826909942,4.322613621961688,-1.5069781432539662,-4.150636868485217,-2.9148577807267637,-3.9140848883663817,3.7826735868179107,-7.1515081247717704,-4.181848257522717,-6.516123472414425,1.3017583064092848,1.3017583064092848,1.3017583064092848,1.3017583064092848,1.3017583064092848,1.3017583064092848,1.3017583064092848,1.3017583064092848,1.3017583064092848,1.3017583064092848,1.3017583064092848,1.3017583064092848,1.3017583064092848,1.3017583064092848,1.3017583064092848,1.3017583064092848,1.3017583064092848
765,2,215,251,7.362008512090419,7.546434314699383,1.3017583064092848,1.3017583064092848
766,4,112,103,187,84,-5.741854920963294,-3.206473686370948,6.260324461934705,2.0381611650170806,1.3017583064092848,1.3017583064092848,1.3017583064092848,1.3017583064092848
767,6,215,251,252,95,90,121,5.3253184904575,1.487857320075533,4.126839527220377,-2.444038233482152,6.987980777400409,-1.6843864452471748,1.3017583064092848,1.3017583064092848,1.3017583064092848,1.3017583064092848,1.3017583064092848,1.3017583064092848
768,8,127,213,156,193,106,95,90,84,-6.611529489299845,-1.2228520923036637,6.3484316821575435,-1.1473757805237113,0.89434196293551,3.951188567606556,2.2576509412089227,-4.885382460553355,1.3017583064092848,1.3017583064092848,1.3017583064092848,1.3017583064092848,1.3017583064092848,1.3017583064092848,1.3017583064092848,1.3017583064092848
769,1,34,-6.16981539142244,1.3017583064092848
770,1,221,2.608101203412723,1.3017583064092848
771,1,156,3.4686308963979346,1.3017583064092848
772,3,125,226,167,1.542718627537639,6.526426915260547,-4.591429204140142,1.3017583064092848,1.3017583064092848,1.3017583064092848
773,1,205,-7.029638839506434,1.3017583064092848
774,2,244,150,7.940588186036552,-6.507813973380047,1.3017583064092848,1.3017583064092848
775,6,111,147,234,220,84,183,-6.356396657512416,6.416628272945991,5.279051212893596,2.6822702499481657,-7.557992665769775,2.1534202801226074,1.3017583064092848,1.3017583064092848,1.3017583064092848,1.3017583064092848,1.3017583064092848,1.3017583064092848
776,11,128,181,243,111,119,95,90,131,120,92,142,1.8079161967649426,6.813470258389758,-1.301573109045238,-5.494813941145824,6.574076108722216,3.109594596627343,-5.608092535775644,1.7728331610723014,6.555571162496601,-7.291764076697201,-1.7445165852901197,1.3017583064092848,1.3017583064092848,1.3017583064092848,1.3017583064092848,1.3017583064092848,1.3017583064092848,1.3017583064092848,1.3017583064092848,1.3017583064092848,1.3017583064092848,1.3017583064092848
777,4,77,221,184,121,3.898084353734536,6.5862285369594895,1.4252179389074595,4.757348410084106,1.3017583064092848,1.3017583064092848,1.3017583064092848,1.3017583064092848
778,4,98,95,34,90,3.4179937594016905,2.374174639234857,4.361608348306517,-7.195885068423026,1.3017583064092848,1.3017583064092848,1.3017583064092848,1.3017583064092848
779,7,125,156,189,106,84,92,101,6.631323545895985,3.1360559656218925,3.453624516458878,-2.8596961337573017,1.6385211428968667,-5.333591871935703,7.626126589044667,1.3017583064092848,1.3017583064092848,1.3017583064092848,1.3017583064092848,1.3017583064092848,1.3017583064092848,1.3017583064092848
780,3,106,226,205,2.7192507906452543,5.233228815517697,7.48379790491532,1.3017583064092848,1.3017583064092848,1.3017583064092848
781,2,221,91,5.422965103683658,4.66021736110604,1.3017583064092848,1.3017583064092848
782,1,167,6.189593997426777,1.3017583064092848
783,3,147,63,172,6.759661281757621,6.842567333537408,-3.5318853808735144,1.3017583064092848,1.3017583064092848,1.3017583064092848
784,3,221,95,90,2.624946910721969,7.656594473312736,4.460012956578433,1.3017583064092848,1.3017583064092848,1.3017583064092848
785,4,191,299,254,118,5.933630494547406,4.160546577633303,1.5313421134464384,-6.508368527423337,1.3017583064092848,1.3017583064092848,1.3017583064092848,1.3017583064092848
786,11,244,150,196,193,235,106,257,173,307,84,91,3.6133098769341663,2.0700048890602982,-5.302290409999638,-6.511065786863026,6.664308933573227,1.0221921497783277,7.2911666999651406,5.458104948839367,2.6048065675574583,-2.0618956213044273,2.6849893444116613,1.3017583064092848,1.3017583064092848,1.3017583064092848,1.3017583064092848,1.3017583064092848,1.3017583064092848,1.3017583064092848,1.3017583064092848,1.3017583064092848,1.3017583064092848,1.3017583064092848
787,2,147,93,2.4770897039419,1.796026345708215,1.3017583064092848,1.3017583064092848
788,10,169,98,80,184,123,206,84,168,138,113,-1.671947695857789,-5.148665121883431,-2.9664654795447016,1.6484832305665682,-4.971764824883603,6.093309059774924,6.336376073277118,-1.8059428888748743,4.657362305944874,6.481876035082402,1.3017583064092848,1.3017583064092848,1.3017583064092848,1.3017583064092848,1.3017583064092848,1.3017583064092848,1.3017583064092848,1.3017583064092848,1.3017583064092848,1.3017583064092848
789,1,108,-0.718236682417805,1.3017583064092848
790,9,198,125,107,308,78,95,136,90,91,-4.377170029109298,2.060124908420301,5.778892309691427,-7.450012427161463,2.5811247235720227,-5.251193069112955,2.180577805092137,0.8194505044696337,-6.019840864256761,1.3017583064092848,1.3017583064092848,1.3017583064092848,1.3017583064092848,1.3017583064092848,1.3017583064092848,1.3017583064092848,1.3017583064092848,1.3017583064092848
791,16,111,134,147,93,189,275,95,257,158,177,90,103,187,84,120,10,-4.370425879034257,6.406470308560063,6.149536831402583,-1.2475107397298304,-0.8455020032421173,1.4868217962853372,3.4438611425488888,3.9441037855848244,1.6403535323149026,-3.5565692781367857,3.7691219727754808,1.4494119963051169,7.082925592043511,4.867984933961961,-3.3987915008736653,-4.224538271420223,1.3017583064092848,1.3017583064092848,1.3017583064092848,1.3017583064092848,1.3017583064092848,1.3017583064092848,1.3017583064092848,1.3017583064092848,1.3017583064092848,1.3017583064092848,1.3017583064092848,1.3017583064092848,1.3017583064092848,1.3017583064092848,1.3017583064092848,1.3017583064092848
792,1,156,-1.7889667806118643,1.3017583064092848
793,10,147,125,99,236,106,95,90,205,121,140,-5.603889819687561,4.030569877832261,-5.558536118561597,6.104974669625786,2.799157245978948,2.7234015253192245,4.188213642538423,2.6445337150007138,-5.441898576616634,-6.006245069341125,1.3017583064092848,1.3017583064092848,1.3017583064092848,1.3017583064092848,1.3017583064092848,1.3017583064092848,1.3017583064092848,1.3017583064092848,1.3017583064092848,1.3017583064092848
794,3,244,81,189,6.518585293195229,4.0379874488956355,5.379961878366887,1.3017583064092848,1.3017583064092848,1.3017583064092848
795,5,238,128,150,243,7,2.5952029214867336,4.6509961351862845,-6.7776594430044375,-2.4738364655988407,-5.9298670830044085,1.3017583064092848,1.3017583064092848,1.3017583064092848,1.3017583064092848,1.3017583064092848
796,2,69,136,5.567821888170586,-7.194312710720715,1.3017583064092848,1.3017583064092848
797,1,221,1.023867342986615,1.3017583064092848
798,5,231,98,95,90,200,7.1449119520649385,3.5112456061843496,-2.3226052010962377,-3.0006299969424193,-5.754840726102179,1.3017583064092848,1.3017583064092848,1.3017583064092848,1.3017583064092848,1.3017583064092848
799,3,234,207,208,-5.5220658073678495,8.495354201106036,-6.539410209381506,1.3017583064092848,1.3017583064092848,1.3017583064092848
